<annotation>
	<folder></folder>
	<filename>abrasions-21-_jpg.rf.5c31e16f7229d8355c579cf4f3579fd2.jpg</filename>
	<path>abrasions-21-_jpg.rf.5c31e16f7229d8355c579cf4f3579fd2.jpg</path>
	<source>
		<database>roboflow.com</database>
	</source>
	<size>
		<width>640</width>
		<height>640</height>
		<depth>3</depth>
	</size>
	<segmented>0</segmented>
	<object>
		<name>abrasions</name>
		<pose>Unspecified</pose>
		<truncated>0</truncated>
		<difficult>0</difficult>
		<occluded>0</occluded>
		<bndbox>
			<xmin>165</xmin>
			<xmax>476</xmax>
			<ymin>151</ymin>
			<ymax>436</ymax>
		</bndbox>
	</object>
</annotation>
