<annotation>
	<folder></folder>
	<filename>abrasions-73-_jpg.rf.794e6bdf002a81733bc8297fabd90ad6.jpg</filename>
	<path>abrasions-73-_jpg.rf.794e6bdf002a81733bc8297fabd90ad6.jpg</path>
	<source>
		<database>roboflow.com</database>
	</source>
	<size>
		<width>640</width>
		<height>640</height>
		<depth>3</depth>
	</size>
	<segmented>0</segmented>
	<object>
		<name>abrasions</name>
		<pose>Unspecified</pose>
		<truncated>0</truncated>
		<difficult>0</difficult>
		<occluded>0</occluded>
		<bndbox>
			<xmin>200</xmin>
			<xmax>466</xmax>
			<ymin>155</ymin>
			<ymax>387</ymax>
		</bndbox>
	</object>
</annotation>
