<annotation>
	<folder></folder>
	<filename>abrasions-61-_jpg.rf.bafa3b4f8b4097861b7da882af6847b4.jpg</filename>
	<path>abrasions-61-_jpg.rf.bafa3b4f8b4097861b7da882af6847b4.jpg</path>
	<source>
		<database>roboflow.com</database>
	</source>
	<size>
		<width>640</width>
		<height>640</height>
		<depth>3</depth>
	</size>
	<segmented>0</segmented>
	<object>
		<name>abrasions</name>
		<pose>Unspecified</pose>
		<truncated>0</truncated>
		<difficult>0</difficult>
		<occluded>0</occluded>
		<bndbox>
			<xmin>295</xmin>
			<xmax>389</xmax>
			<ymin>294</ymin>
			<ymax>458</ymax>
		</bndbox>
	</object>
</annotation>
