<annotation>
	<folder></folder>
	<filename>abrasions-57-_jpg.rf.e255e144952c04ab6f2d789b8684200b.jpg</filename>
	<path>abrasions-57-_jpg.rf.e255e144952c04ab6f2d789b8684200b.jpg</path>
	<source>
		<database>roboflow.com</database>
	</source>
	<size>
		<width>640</width>
		<height>640</height>
		<depth>3</depth>
	</size>
	<segmented>0</segmented>
	<object>
		<name>abrasions</name>
		<pose>Unspecified</pose>
		<truncated>0</truncated>
		<difficult>0</difficult>
		<occluded>0</occluded>
		<bndbox>
			<xmin>24</xmin>
			<xmax>634</xmax>
			<ymin>177</ymin>
			<ymax>425</ymax>
		</bndbox>
	</object>
</annotation>
