<annotation>
	<folder></folder>
	<filename>abrasions-51-_jpg.rf.38a950a331bc9e2653be6a829a094eee.jpg</filename>
	<path>abrasions-51-_jpg.rf.38a950a331bc9e2653be6a829a094eee.jpg</path>
	<source>
		<database>roboflow.com</database>
	</source>
	<size>
		<width>640</width>
		<height>640</height>
		<depth>3</depth>
	</size>
	<segmented>0</segmented>
	<object>
		<name>abrasions</name>
		<pose>Unspecified</pose>
		<truncated>0</truncated>
		<difficult>0</difficult>
		<occluded>0</occluded>
		<bndbox>
			<xmin>365</xmin>
			<xmax>464</xmax>
			<ymin>140</ymin>
			<ymax>239</ymax>
		</bndbox>
	</object>
</annotation>
