<annotation>
	<folder></folder>
	<filename>abrasions-59-_jpg.rf.b99489a981bed2404d60988173f66d1c.jpg</filename>
	<path>abrasions-59-_jpg.rf.b99489a981bed2404d60988173f66d1c.jpg</path>
	<source>
		<database>roboflow.com</database>
	</source>
	<size>
		<width>640</width>
		<height>640</height>
		<depth>3</depth>
	</size>
	<segmented>0</segmented>
	<object>
		<name>abrasions</name>
		<pose>Unspecified</pose>
		<truncated>0</truncated>
		<difficult>0</difficult>
		<occluded>0</occluded>
		<bndbox>
			<xmin>99</xmin>
			<xmax>598</xmax>
			<ymin>65</ymin>
			<ymax>609</ymax>
		</bndbox>
	</object>
</annotation>
