<annotation>
	<folder></folder>
	<filename>abrasions-7-_jpg.rf.8d3a5d9ea1ddec9860aa3ccaac523f18.jpg</filename>
	<path>abrasions-7-_jpg.rf.8d3a5d9ea1ddec9860aa3ccaac523f18.jpg</path>
	<source>
		<database>roboflow.com</database>
	</source>
	<size>
		<width>640</width>
		<height>640</height>
		<depth>3</depth>
	</size>
	<segmented>0</segmented>
	<object>
		<name>abrasions</name>
		<pose>Unspecified</pose>
		<truncated>0</truncated>
		<difficult>0</difficult>
		<occluded>0</occluded>
		<bndbox>
			<xmin>234</xmin>
			<xmax>633</xmax>
			<ymin>70</ymin>
			<ymax>325</ymax>
		</bndbox>
	</object>
</annotation>
