<annotation>
	<folder></folder>
	<filename>abrasions-45-_jpg.rf.5789c636e52a092962dfc622dd4882af.jpg</filename>
	<path>abrasions-45-_jpg.rf.5789c636e52a092962dfc622dd4882af.jpg</path>
	<source>
		<database>roboflow.com</database>
	</source>
	<size>
		<width>640</width>
		<height>640</height>
		<depth>3</depth>
	</size>
	<segmented>0</segmented>
	<object>
		<name>abrasions</name>
		<pose>Unspecified</pose>
		<truncated>0</truncated>
		<difficult>0</difficult>
		<occluded>0</occluded>
		<bndbox>
			<xmin>199</xmin>
			<xmax>527</xmax>
			<ymin>91</ymin>
			<ymax>457</ymax>
		</bndbox>
	</object>
</annotation>
