<annotation>
	<folder></folder>
	<filename>abrasions-82-_jpg.rf.de5f2a820737c8779ebe1f3f05f3b95b.jpg</filename>
	<path>abrasions-82-_jpg.rf.de5f2a820737c8779ebe1f3f05f3b95b.jpg</path>
	<source>
		<database>roboflow.com</database>
	</source>
	<size>
		<width>640</width>
		<height>640</height>
		<depth>3</depth>
	</size>
	<segmented>0</segmented>
	<object>
		<name>abrasions</name>
		<pose>Unspecified</pose>
		<truncated>0</truncated>
		<difficult>0</difficult>
		<occluded>0</occluded>
		<bndbox>
			<xmin>201</xmin>
			<xmax>321</xmax>
			<ymin>105</ymin>
			<ymax>385</ymax>
		</bndbox>
	</object>
</annotation>
