<annotation>
	<folder></folder>
	<filename>abrasions-31-_jpg.rf.b39b59ff101844efb277f18bf70d0670.jpg</filename>
	<path>abrasions-31-_jpg.rf.b39b59ff101844efb277f18bf70d0670.jpg</path>
	<source>
		<database>roboflow.com</database>
	</source>
	<size>
		<width>640</width>
		<height>640</height>
		<depth>3</depth>
	</size>
	<segmented>0</segmented>
	<object>
		<name>abrasions</name>
		<pose>Unspecified</pose>
		<truncated>0</truncated>
		<difficult>0</difficult>
		<occluded>0</occluded>
		<bndbox>
			<xmin>259</xmin>
			<xmax>532</xmax>
			<ymin>180</ymin>
			<ymax>362</ymax>
		</bndbox>
	</object>
</annotation>
