<annotation>
	<folder></folder>
	<filename>abrasions-41-_jpg.rf.2ae571d2b33c1f85f9f674d7855d95dc.jpg</filename>
	<path>abrasions-41-_jpg.rf.2ae571d2b33c1f85f9f674d7855d95dc.jpg</path>
	<source>
		<database>roboflow.com</database>
	</source>
	<size>
		<width>640</width>
		<height>640</height>
		<depth>3</depth>
	</size>
	<segmented>0</segmented>
	<object>
		<name>abrasions</name>
		<pose>Unspecified</pose>
		<truncated>0</truncated>
		<difficult>0</difficult>
		<occluded>0</occluded>
		<bndbox>
			<xmin>165</xmin>
			<xmax>432</xmax>
			<ymin>60</ymin>
			<ymax>527</ymax>
		</bndbox>
	</object>
</annotation>
