<annotation>
	<folder></folder>
	<filename>abrasions-81-_jpg.rf.f3573e9b4722b1955e42a85c6a9049ad.jpg</filename>
	<path>abrasions-81-_jpg.rf.f3573e9b4722b1955e42a85c6a9049ad.jpg</path>
	<source>
		<database>roboflow.com</database>
	</source>
	<size>
		<width>640</width>
		<height>640</height>
		<depth>3</depth>
	</size>
	<segmented>0</segmented>
	<object>
		<name>abrasions</name>
		<pose>Unspecified</pose>
		<truncated>0</truncated>
		<difficult>0</difficult>
		<occluded>0</occluded>
		<bndbox>
			<xmin>285</xmin>
			<xmax>409</xmax>
			<ymin>208</ymin>
			<ymax>374</ymax>
		</bndbox>
	</object>
</annotation>
