<annotation>
	<folder></folder>
	<filename>abrasions-3-_jpg.rf.640bb979ef36470da72bf8f4d303f606.jpg</filename>
	<path>abrasions-3-_jpg.rf.640bb979ef36470da72bf8f4d303f606.jpg</path>
	<source>
		<database>roboflow.com</database>
	</source>
	<size>
		<width>640</width>
		<height>640</height>
		<depth>3</depth>
	</size>
	<segmented>0</segmented>
	<object>
		<name>abrasions</name>
		<pose>Unspecified</pose>
		<truncated>0</truncated>
		<difficult>0</difficult>
		<occluded>0</occluded>
		<bndbox>
			<xmin>166</xmin>
			<xmax>510</xmax>
			<ymin>10</ymin>
			<ymax>641</ymax>
		</bndbox>
	</object>
</annotation>
