<annotation>
	<folder></folder>
	<filename>bruises-56-_jpg.rf.7a1a344e5b06cf027b50697b5397a739.jpg</filename>
	<path>bruises-56-_jpg.rf.7a1a344e5b06cf027b50697b5397a739.jpg</path>
	<source>
		<database>roboflow.com</database>
	</source>
	<size>
		<width>640</width>
		<height>640</height>
		<depth>3</depth>
	</size>
	<segmented>0</segmented>
	<object>
		<name>bruises</name>
		<pose>Unspecified</pose>
		<truncated>0</truncated>
		<difficult>0</difficult>
		<occluded>0</occluded>
		<bndbox>
			<xmin>214</xmin>
			<xmax>436</xmax>
			<ymin>48</ymin>
			<ymax>344</ymax>
		</bndbox>
	</object>
</annotation>
