<annotation>
	<folder></folder>
	<filename>bruises-112-_jpg.rf.4aff29fc4f8caad3b6f7ffb51ec12f57.jpg</filename>
	<path>bruises-112-_jpg.rf.4aff29fc4f8caad3b6f7ffb51ec12f57.jpg</path>
	<source>
		<database>roboflow.com</database>
	</source>
	<size>
		<width>640</width>
		<height>640</height>
		<depth>3</depth>
	</size>
	<segmented>0</segmented>
	<object>
		<name>bruises</name>
		<pose>Unspecified</pose>
		<truncated>0</truncated>
		<difficult>0</difficult>
		<occluded>0</occluded>
		<bndbox>
			<xmin>281</xmin>
			<xmax>415</xmax>
			<ymin>309</ymin>
			<ymax>438</ymax>
		</bndbox>
	</object>
</annotation>
