<annotation>
	<folder></folder>
	<filename>bruises-108-_jpg.rf.de97391dd853ded582722b1187de6667.jpg</filename>
	<path>bruises-108-_jpg.rf.de97391dd853ded582722b1187de6667.jpg</path>
	<source>
		<database>roboflow.com</database>
	</source>
	<size>
		<width>640</width>
		<height>640</height>
		<depth>3</depth>
	</size>
	<segmented>0</segmented>
	<object>
		<name>bruises</name>
		<pose>Unspecified</pose>
		<truncated>0</truncated>
		<difficult>0</difficult>
		<occluded>0</occluded>
		<bndbox>
			<xmin>69</xmin>
			<xmax>519</xmax>
			<ymin>36</ymin>
			<ymax>545</ymax>
		</bndbox>
	</object>
</annotation>
