<annotation>
	<folder></folder>
	<filename>bruises-74-_jpg.rf.08ac75e5f23b0dd49250498ce47b68ef.jpg</filename>
	<path>bruises-74-_jpg.rf.08ac75e5f23b0dd49250498ce47b68ef.jpg</path>
	<source>
		<database>roboflow.com</database>
	</source>
	<size>
		<width>640</width>
		<height>640</height>
		<depth>3</depth>
	</size>
	<segmented>0</segmented>
	<object>
		<name>bruises</name>
		<pose>Unspecified</pose>
		<truncated>0</truncated>
		<difficult>0</difficult>
		<occluded>0</occluded>
		<bndbox>
			<xmin>218</xmin>
			<xmax>595</xmax>
			<ymin>210</ymin>
			<ymax>356</ymax>
		</bndbox>
	</object>
</annotation>
