<annotation>
	<folder></folder>
	<filename>bruises-117-_jpg.rf.47aaf914fa06ada2d2a8144dac92bf41.jpg</filename>
	<path>bruises-117-_jpg.rf.47aaf914fa06ada2d2a8144dac92bf41.jpg</path>
	<source>
		<database>roboflow.com</database>
	</source>
	<size>
		<width>640</width>
		<height>640</height>
		<depth>3</depth>
	</size>
	<segmented>0</segmented>
	<object>
		<name>bruises</name>
		<pose>Unspecified</pose>
		<truncated>0</truncated>
		<difficult>0</difficult>
		<occluded>0</occluded>
		<bndbox>
			<xmin>260</xmin>
			<xmax>556</xmax>
			<ymin>266</ymin>
			<ymax>440</ymax>
		</bndbox>
	</object>
</annotation>
