<annotation>
	<folder></folder>
	<filename>bruises-61-_jpg.rf.249bc6c876b631980e5856817e651f0a.jpg</filename>
	<path>bruises-61-_jpg.rf.249bc6c876b631980e5856817e651f0a.jpg</path>
	<source>
		<database>roboflow.com</database>
	</source>
	<size>
		<width>640</width>
		<height>640</height>
		<depth>3</depth>
	</size>
	<segmented>0</segmented>
	<object>
		<name>bruises</name>
		<pose>Unspecified</pose>
		<truncated>0</truncated>
		<difficult>0</difficult>
		<occluded>0</occluded>
		<bndbox>
			<xmin>265</xmin>
			<xmax>375</xmax>
			<ymin>76</ymin>
			<ymax>333</ymax>
		</bndbox>
	</object>
</annotation>
