<annotation>
	<folder></folder>
	<filename>bruises-74-_jpg.rf.76e77e8b7bba88ace728749854bb41e3.jpg</filename>
	<path>bruises-74-_jpg.rf.76e77e8b7bba88ace728749854bb41e3.jpg</path>
	<source>
		<database>roboflow.com</database>
	</source>
	<size>
		<width>640</width>
		<height>640</height>
		<depth>3</depth>
	</size>
	<segmented>0</segmented>
	<object>
		<name>bruises</name>
		<pose>Unspecified</pose>
		<truncated>0</truncated>
		<difficult>0</difficult>
		<occluded>0</occluded>
		<bndbox>
			<xmin>47</xmin>
			<xmax>424</xmax>
			<ymin>210</ymin>
			<ymax>356</ymax>
		</bndbox>
	</object>
</annotation>
