<annotation>
	<folder></folder>
	<filename>bruises-88-_jpg.rf.9c820160ac364e96df7ea5817fcc0d9c.jpg</filename>
	<path>bruises-88-_jpg.rf.9c820160ac364e96df7ea5817fcc0d9c.jpg</path>
	<source>
		<database>roboflow.com</database>
	</source>
	<size>
		<width>640</width>
		<height>640</height>
		<depth>3</depth>
	</size>
	<segmented>0</segmented>
	<object>
		<name>bruises</name>
		<pose>Unspecified</pose>
		<truncated>0</truncated>
		<difficult>0</difficult>
		<occluded>0</occluded>
		<bndbox>
			<xmin>146</xmin>
			<xmax>241</xmax>
			<ymin>311</ymin>
			<ymax>415</ymax>
		</bndbox>
	</object>
</annotation>
