<annotation>
	<folder></folder>
	<filename>bruises-68-_jpg.rf.d1bf515b9434dc64e7028b3d7d145cc7.jpg</filename>
	<path>bruises-68-_jpg.rf.d1bf515b9434dc64e7028b3d7d145cc7.jpg</path>
	<source>
		<database>roboflow.com</database>
	</source>
	<size>
		<width>640</width>
		<height>640</height>
		<depth>3</depth>
	</size>
	<segmented>0</segmented>
	<object>
		<name>bruises</name>
		<pose>Unspecified</pose>
		<truncated>0</truncated>
		<difficult>0</difficult>
		<occluded>0</occluded>
		<bndbox>
			<xmin>197</xmin>
			<xmax>311</xmax>
			<ymin>151</ymin>
			<ymax>305</ymax>
		</bndbox>
	</object>
	<object>
		<name>bruises</name>
		<pose>Unspecified</pose>
		<truncated>0</truncated>
		<difficult>0</difficult>
		<occluded>0</occluded>
		<bndbox>
			<xmin>479</xmin>
			<xmax>566</xmax>
			<ymin>378</ymin>
			<ymax>515</ymax>
		</bndbox>
	</object>
	<object>
		<name>bruises</name>
		<pose>Unspecified</pose>
		<truncated>0</truncated>
		<difficult>0</difficult>
		<occluded>0</occluded>
		<bndbox>
			<xmin>124</xmin>
			<xmax>207</xmax>
			<ymin>309</ymin>
			<ymax>405</ymax>
		</bndbox>
	</object>
</annotation>
