<annotation>
	<folder></folder>
	<filename>bruises-95-_jpg.rf.f000d1bf181b4a5c762df2bc6746aa0a.jpg</filename>
	<path>bruises-95-_jpg.rf.f000d1bf181b4a5c762df2bc6746aa0a.jpg</path>
	<source>
		<database>roboflow.com</database>
	</source>
	<size>
		<width>640</width>
		<height>640</height>
		<depth>3</depth>
	</size>
	<segmented>0</segmented>
	<object>
		<name>bruises</name>
		<pose>Unspecified</pose>
		<truncated>0</truncated>
		<difficult>0</difficult>
		<occluded>0</occluded>
		<bndbox>
			<xmin>111</xmin>
			<xmax>285</xmax>
			<ymin>316</ymin>
			<ymax>452</ymax>
		</bndbox>
	</object>
	<object>
		<name>bruises</name>
		<pose>Unspecified</pose>
		<truncated>0</truncated>
		<difficult>0</difficult>
		<occluded>0</occluded>
		<bndbox>
			<xmin>390</xmin>
			<xmax>551</xmax>
			<ymin>84</ymin>
			<ymax>176</ymax>
		</bndbox>
	</object>
	<object>
		<name>bruises</name>
		<pose>Unspecified</pose>
		<truncated>0</truncated>
		<difficult>0</difficult>
		<occluded>0</occluded>
		<bndbox>
			<xmin>301</xmin>
			<xmax>405</xmax>
			<ymin>438</ymin>
			<ymax>526</ymax>
		</bndbox>
	</object>
</annotation>
