<annotation>
	<folder></folder>
	<filename>bruises-53-_jpg.rf.576884da8a073b4f5f22dcab7e94bab7.jpg</filename>
	<path>bruises-53-_jpg.rf.576884da8a073b4f5f22dcab7e94bab7.jpg</path>
	<source>
		<database>roboflow.com</database>
	</source>
	<size>
		<width>640</width>
		<height>640</height>
		<depth>3</depth>
	</size>
	<segmented>0</segmented>
	<object>
		<name>bruises</name>
		<pose>Unspecified</pose>
		<truncated>0</truncated>
		<difficult>0</difficult>
		<occluded>0</occluded>
		<bndbox>
			<xmin>272</xmin>
			<xmax>423</xmax>
			<ymin>242</ymin>
			<ymax>350</ymax>
		</bndbox>
	</object>
</annotation>
