<annotation>
	<folder></folder>
	<filename>bruises-73-_jpg.rf.c40b0be95bbffc3b9a472c2307535c2a.jpg</filename>
	<path>bruises-73-_jpg.rf.c40b0be95bbffc3b9a472c2307535c2a.jpg</path>
	<source>
		<database>roboflow.com</database>
	</source>
	<size>
		<width>640</width>
		<height>640</height>
		<depth>3</depth>
	</size>
	<segmented>0</segmented>
	<object>
		<name>bruises</name>
		<pose>Unspecified</pose>
		<truncated>0</truncated>
		<difficult>0</difficult>
		<occluded>0</occluded>
		<bndbox>
			<xmin>256</xmin>
			<xmax>502</xmax>
			<ymin>245</ymin>
			<ymax>457</ymax>
		</bndbox>
	</object>
</annotation>
