<annotation>
	<folder></folder>
	<filename>bruises-67-_jpg.rf.2e7907a72db47b3916ae67c38699435a.jpg</filename>
	<path>bruises-67-_jpg.rf.2e7907a72db47b3916ae67c38699435a.jpg</path>
	<source>
		<database>roboflow.com</database>
	</source>
	<size>
		<width>640</width>
		<height>640</height>
		<depth>3</depth>
	</size>
	<segmented>0</segmented>
	<object>
		<name>bruises</name>
		<pose>Unspecified</pose>
		<truncated>0</truncated>
		<difficult>0</difficult>
		<occluded>0</occluded>
		<bndbox>
			<xmin>174</xmin>
			<xmax>374</xmax>
			<ymin>239</ymin>
			<ymax>461</ymax>
		</bndbox>
	</object>
</annotation>
