<annotation>
	<folder></folder>
	<filename>bruises-83-_jpg.rf.a811687e9d711042290fd188a40c6320.jpg</filename>
	<path>bruises-83-_jpg.rf.a811687e9d711042290fd188a40c6320.jpg</path>
	<source>
		<database>roboflow.com</database>
	</source>
	<size>
		<width>640</width>
		<height>640</height>
		<depth>3</depth>
	</size>
	<segmented>0</segmented>
	<object>
		<name>bruises</name>
		<pose>Unspecified</pose>
		<truncated>0</truncated>
		<difficult>0</difficult>
		<occluded>0</occluded>
		<bndbox>
			<xmin>209</xmin>
			<xmax>403</xmax>
			<ymin>211</ymin>
			<ymax>388</ymax>
		</bndbox>
	</object>
</annotation>
