<annotation>
	<folder></folder>
	<filename>bruises-24-_jpg.rf.a6501dba6ead418818d43a75b2f4581f.jpg</filename>
	<path>bruises-24-_jpg.rf.a6501dba6ead418818d43a75b2f4581f.jpg</path>
	<source>
		<database>roboflow.com</database>
	</source>
	<size>
		<width>640</width>
		<height>640</height>
		<depth>3</depth>
	</size>
	<segmented>0</segmented>
	<object>
		<name>bruises</name>
		<pose>Unspecified</pose>
		<truncated>0</truncated>
		<difficult>0</difficult>
		<occluded>0</occluded>
		<bndbox>
			<xmin>231</xmin>
			<xmax>348</xmax>
			<ymin>353</ymin>
			<ymax>507</ymax>
		</bndbox>
	</object>
</annotation>
