<annotation>
	<folder></folder>
	<filename>bruises-81-_jpg.rf.002f27170456e1604e141baf28849092.jpg</filename>
	<path>bruises-81-_jpg.rf.002f27170456e1604e141baf28849092.jpg</path>
	<source>
		<database>roboflow.com</database>
	</source>
	<size>
		<width>640</width>
		<height>640</height>
		<depth>3</depth>
	</size>
	<segmented>0</segmented>
	<object>
		<name>bruises</name>
		<pose>Unspecified</pose>
		<truncated>0</truncated>
		<difficult>0</difficult>
		<occluded>0</occluded>
		<bndbox>
			<xmin>68</xmin>
			<xmax>570</xmax>
			<ymin>156</ymin>
			<ymax>526</ymax>
		</bndbox>
	</object>
</annotation>
