<annotation>
	<folder></folder>
	<filename>bruises-103-_jpg.rf.4f2757961bc2bb3a1c0fd9d5d5354ea4.jpg</filename>
	<path>bruises-103-_jpg.rf.4f2757961bc2bb3a1c0fd9d5d5354ea4.jpg</path>
	<source>
		<database>roboflow.com</database>
	</source>
	<size>
		<width>640</width>
		<height>640</height>
		<depth>3</depth>
	</size>
	<segmented>0</segmented>
	<object>
		<name>bruises</name>
		<pose>Unspecified</pose>
		<truncated>0</truncated>
		<difficult>0</difficult>
		<occluded>0</occluded>
		<bndbox>
			<xmin>135</xmin>
			<xmax>419</xmax>
			<ymin>95</ymin>
			<ymax>359</ymax>
		</bndbox>
	</object>
</annotation>
