<annotation>
	<folder></folder>
	<filename>bruises-69-_jpg.rf.42d3578f721db9bbbca6d738bb4fca71.jpg</filename>
	<path>bruises-69-_jpg.rf.42d3578f721db9bbbca6d738bb4fca71.jpg</path>
	<source>
		<database>roboflow.com</database>
	</source>
	<size>
		<width>640</width>
		<height>640</height>
		<depth>3</depth>
	</size>
	<segmented>0</segmented>
	<object>
		<name>bruises</name>
		<pose>Unspecified</pose>
		<truncated>0</truncated>
		<difficult>0</difficult>
		<occluded>0</occluded>
		<bndbox>
			<xmin>274</xmin>
			<xmax>414</xmax>
			<ymin>241</ymin>
			<ymax>369</ymax>
		</bndbox>
	</object>
</annotation>
