<annotation>
	<folder></folder>
	<filename>bruises-89-_jpg.rf.12a6a47145e0d067241e568a262bb060.jpg</filename>
	<path>bruises-89-_jpg.rf.12a6a47145e0d067241e568a262bb060.jpg</path>
	<source>
		<database>roboflow.com</database>
	</source>
	<size>
		<width>640</width>
		<height>640</height>
		<depth>3</depth>
	</size>
	<segmented>0</segmented>
	<object>
		<name>bruises</name>
		<pose>Unspecified</pose>
		<truncated>0</truncated>
		<difficult>0</difficult>
		<occluded>0</occluded>
		<bndbox>
			<xmin>270</xmin>
			<xmax>560</xmax>
			<ymin>107</ymin>
			<ymax>241</ymax>
		</bndbox>
	</object>
</annotation>
