<annotation>
	<folder></folder>
	<filename>bruises-118-_jpg.rf.4432e9ac1c5a308c1a47c2ce93172633.jpg</filename>
	<path>bruises-118-_jpg.rf.4432e9ac1c5a308c1a47c2ce93172633.jpg</path>
	<source>
		<database>roboflow.com</database>
	</source>
	<size>
		<width>640</width>
		<height>640</height>
		<depth>3</depth>
	</size>
	<segmented>0</segmented>
	<object>
		<name>bruises</name>
		<pose>Unspecified</pose>
		<truncated>0</truncated>
		<difficult>0</difficult>
		<occluded>0</occluded>
		<bndbox>
			<xmin>290</xmin>
			<xmax>448</xmax>
			<ymin>240</ymin>
			<ymax>445</ymax>
		</bndbox>
	</object>
</annotation>
