<annotation>
	<folder></folder>
	<filename>bruises-98-_jpg.rf.0d5e625627dde4e8c68b84288afe1e94.jpg</filename>
	<path>bruises-98-_jpg.rf.0d5e625627dde4e8c68b84288afe1e94.jpg</path>
	<source>
		<database>roboflow.com</database>
	</source>
	<size>
		<width>640</width>
		<height>640</height>
		<depth>3</depth>
	</size>
	<segmented>0</segmented>
	<object>
		<name>bruises</name>
		<pose>Unspecified</pose>
		<truncated>0</truncated>
		<difficult>0</difficult>
		<occluded>0</occluded>
		<bndbox>
			<xmin>269</xmin>
			<xmax>473</xmax>
			<ymin>251</ymin>
			<ymax>395</ymax>
		</bndbox>
	</object>
</annotation>
