<annotation>
	<folder></folder>
	<filename>bruises-43-_jpg.rf.e23a2ee753efeec5d613ded776d90bba.jpg</filename>
	<path>bruises-43-_jpg.rf.e23a2ee753efeec5d613ded776d90bba.jpg</path>
	<source>
		<database>roboflow.com</database>
	</source>
	<size>
		<width>640</width>
		<height>640</height>
		<depth>3</depth>
	</size>
	<segmented>0</segmented>
	<object>
		<name>bruises</name>
		<pose>Unspecified</pose>
		<truncated>0</truncated>
		<difficult>0</difficult>
		<occluded>0</occluded>
		<bndbox>
			<xmin>263</xmin>
			<xmax>375</xmax>
			<ymin>276</ymin>
			<ymax>431</ymax>
		</bndbox>
	</object>
</annotation>
