<annotation>
	<folder></folder>
	<filename>bruises-99-_jpg.rf.b088410d347606a84199a038494c70dc.jpg</filename>
	<path>bruises-99-_jpg.rf.b088410d347606a84199a038494c70dc.jpg</path>
	<source>
		<database>roboflow.com</database>
	</source>
	<size>
		<width>640</width>
		<height>640</height>
		<depth>3</depth>
	</size>
	<segmented>0</segmented>
	<object>
		<name>bruises</name>
		<pose>Unspecified</pose>
		<truncated>0</truncated>
		<difficult>0</difficult>
		<occluded>0</occluded>
		<bndbox>
			<xmin>68</xmin>
			<xmax>594</xmax>
			<ymin>47</ymin>
			<ymax>584</ymax>
		</bndbox>
	</object>
</annotation>
