<annotation>
	<folder></folder>
	<filename>bruises-86-_jpg.rf.2442504ca510d42d8ef2f0bddd42ecd1.jpg</filename>
	<path>bruises-86-_jpg.rf.2442504ca510d42d8ef2f0bddd42ecd1.jpg</path>
	<source>
		<database>roboflow.com</database>
	</source>
	<size>
		<width>640</width>
		<height>640</height>
		<depth>3</depth>
	</size>
	<segmented>0</segmented>
	<object>
		<name>bruises</name>
		<pose>Unspecified</pose>
		<truncated>0</truncated>
		<difficult>0</difficult>
		<occluded>0</occluded>
		<bndbox>
			<xmin>127</xmin>
			<xmax>553</xmax>
			<ymin>132</ymin>
			<ymax>524</ymax>
		</bndbox>
	</object>
</annotation>
