<annotation>
	<folder></folder>
	<filename>bruises-122-_jpg.rf.33541867ef3a576e8b96207081fb8923.jpg</filename>
	<path>bruises-122-_jpg.rf.33541867ef3a576e8b96207081fb8923.jpg</path>
	<source>
		<database>roboflow.com</database>
	</source>
	<size>
		<width>640</width>
		<height>640</height>
		<depth>3</depth>
	</size>
	<segmented>0</segmented>
	<object>
		<name>bruises</name>
		<pose>Unspecified</pose>
		<truncated>0</truncated>
		<difficult>0</difficult>
		<occluded>0</occluded>
		<bndbox>
			<xmin>262</xmin>
			<xmax>483</xmax>
			<ymin>239</ymin>
			<ymax>374</ymax>
		</bndbox>
	</object>
</annotation>
