<annotation>
	<folder></folder>
	<filename>bruises-63-_jpg.rf.91ca90f63ab5afb5b809205f6233f703.jpg</filename>
	<path>bruises-63-_jpg.rf.91ca90f63ab5afb5b809205f6233f703.jpg</path>
	<source>
		<database>roboflow.com</database>
	</source>
	<size>
		<width>640</width>
		<height>640</height>
		<depth>3</depth>
	</size>
	<segmented>0</segmented>
	<object>
		<name>bruises</name>
		<pose>Unspecified</pose>
		<truncated>0</truncated>
		<difficult>0</difficult>
		<occluded>0</occluded>
		<bndbox>
			<xmin>112</xmin>
			<xmax>615</xmax>
			<ymin>118</ymin>
			<ymax>470</ymax>
		</bndbox>
	</object>
</annotation>
