<annotation>
	<folder></folder>
	<filename>bruises-59-_jpg.rf.a5e4a62cf10be4fefc7509a86ccf5f91.jpg</filename>
	<path>bruises-59-_jpg.rf.a5e4a62cf10be4fefc7509a86ccf5f91.jpg</path>
	<source>
		<database>roboflow.com</database>
	</source>
	<size>
		<width>640</width>
		<height>640</height>
		<depth>3</depth>
	</size>
	<segmented>0</segmented>
	<object>
		<name>bruises</name>
		<pose>Unspecified</pose>
		<truncated>0</truncated>
		<difficult>0</difficult>
		<occluded>0</occluded>
		<bndbox>
			<xmin>9</xmin>
			<xmax>623</xmax>
			<ymin>10</ymin>
			<ymax>514</ymax>
		</bndbox>
	</object>
</annotation>
