<annotation>
	<folder></folder>
	<filename>bruises-113-_jpg.rf.7a8a921cd929c8a8f1fac2f430e5c462.jpg</filename>
	<path>bruises-113-_jpg.rf.7a8a921cd929c8a8f1fac2f430e5c462.jpg</path>
	<source>
		<database>roboflow.com</database>
	</source>
	<size>
		<width>640</width>
		<height>640</height>
		<depth>3</depth>
	</size>
	<segmented>0</segmented>
	<object>
		<name>bruises</name>
		<pose>Unspecified</pose>
		<truncated>0</truncated>
		<difficult>0</difficult>
		<occluded>0</occluded>
		<bndbox>
			<xmin>205</xmin>
			<xmax>380</xmax>
			<ymin>297</ymin>
			<ymax>435</ymax>
		</bndbox>
	</object>
</annotation>
