<annotation>
	<folder></folder>
	<filename>bruises-111-_jpg.rf.1bbb731b9f75ccfcc271aa129ddee8f7.jpg</filename>
	<path>bruises-111-_jpg.rf.1bbb731b9f75ccfcc271aa129ddee8f7.jpg</path>
	<source>
		<database>roboflow.com</database>
	</source>
	<size>
		<width>640</width>
		<height>640</height>
		<depth>3</depth>
	</size>
	<segmented>0</segmented>
	<object>
		<name>bruises</name>
		<pose>Unspecified</pose>
		<truncated>0</truncated>
		<difficult>0</difficult>
		<occluded>0</occluded>
		<bndbox>
			<xmin>235</xmin>
			<xmax>405</xmax>
			<ymin>438</ymin>
			<ymax>560</ymax>
		</bndbox>
	</object>
</annotation>
