<annotation>
	<folder></folder>
	<filename>bruises-114-_jpg.rf.459379df269a922e726c3d84c6ae8743.jpg</filename>
	<path>bruises-114-_jpg.rf.459379df269a922e726c3d84c6ae8743.jpg</path>
	<source>
		<database>roboflow.com</database>
	</source>
	<size>
		<width>640</width>
		<height>640</height>
		<depth>3</depth>
	</size>
	<segmented>0</segmented>
	<object>
		<name>bruises</name>
		<pose>Unspecified</pose>
		<truncated>0</truncated>
		<difficult>0</difficult>
		<occluded>0</occluded>
		<bndbox>
			<xmin>144</xmin>
			<xmax>528</xmax>
			<ymin>326</ymin>
			<ymax>626</ymax>
		</bndbox>
	</object>
</annotation>
