<annotation>
	<folder></folder>
	<filename>bruises-61-_jpg.rf.6c1b65fc1ca962e3bece17f67527e213.jpg</filename>
	<path>bruises-61-_jpg.rf.6c1b65fc1ca962e3bece17f67527e213.jpg</path>
	<source>
		<database>roboflow.com</database>
	</source>
	<size>
		<width>640</width>
		<height>640</height>
		<depth>3</depth>
	</size>
	<segmented>0</segmented>
	<object>
		<name>bruises</name>
		<pose>Unspecified</pose>
		<truncated>0</truncated>
		<difficult>0</difficult>
		<occluded>0</occluded>
		<bndbox>
			<xmin>268</xmin>
			<xmax>378</xmax>
			<ymin>76</ymin>
			<ymax>333</ymax>
		</bndbox>
	</object>
</annotation>
