<annotation>
	<folder></folder>
	<filename>bruises-93-_jpg.rf.2473e001e0e15465987561eb2c686133.jpg</filename>
	<path>bruises-93-_jpg.rf.2473e001e0e15465987561eb2c686133.jpg</path>
	<source>
		<database>roboflow.com</database>
	</source>
	<size>
		<width>640</width>
		<height>640</height>
		<depth>3</depth>
	</size>
	<segmented>0</segmented>
	<object>
		<name>bruises</name>
		<pose>Unspecified</pose>
		<truncated>0</truncated>
		<difficult>0</difficult>
		<occluded>0</occluded>
		<bndbox>
			<xmin>232</xmin>
			<xmax>309</xmax>
			<ymin>295</ymin>
			<ymax>354</ymax>
		</bndbox>
	</object>
</annotation>
