<annotation>
	<folder></folder>
	<filename>bruises-91-_jpg.rf.a805b11bd343a756fa3dfae8c4a2d694.jpg</filename>
	<path>bruises-91-_jpg.rf.a805b11bd343a756fa3dfae8c4a2d694.jpg</path>
	<source>
		<database>roboflow.com</database>
	</source>
	<size>
		<width>640</width>
		<height>640</height>
		<depth>3</depth>
	</size>
	<segmented>0</segmented>
	<object>
		<name>bruises</name>
		<pose>Unspecified</pose>
		<truncated>0</truncated>
		<difficult>0</difficult>
		<occluded>0</occluded>
		<bndbox>
			<xmin>102</xmin>
			<xmax>615</xmax>
			<ymin>242</ymin>
			<ymax>399</ymax>
		</bndbox>
	</object>
</annotation>
