<annotation>
	<folder></folder>
	<filename>bruises-103-_jpg.rf.78d8106588810ca8f44c0e8f4c74ff4e.jpg</filename>
	<path>bruises-103-_jpg.rf.78d8106588810ca8f44c0e8f4c74ff4e.jpg</path>
	<source>
		<database>roboflow.com</database>
	</source>
	<size>
		<width>640</width>
		<height>640</height>
		<depth>3</depth>
	</size>
	<segmented>0</segmented>
	<object>
		<name>bruises</name>
		<pose>Unspecified</pose>
		<truncated>0</truncated>
		<difficult>0</difficult>
		<occluded>0</occluded>
		<bndbox>
			<xmin>135</xmin>
			<xmax>419</xmax>
			<ymin>284</ymin>
			<ymax>548</ymax>
		</bndbox>
	</object>
</annotation>
