<annotation>
	<folder></folder>
	<filename>bruises-27-_jpg.rf.b71b591856be486ae581544681b4d8e3.jpg</filename>
	<path>bruises-27-_jpg.rf.b71b591856be486ae581544681b4d8e3.jpg</path>
	<source>
		<database>roboflow.com</database>
	</source>
	<size>
		<width>640</width>
		<height>640</height>
		<depth>3</depth>
	</size>
	<segmented>0</segmented>
	<object>
		<name>bruises</name>
		<pose>Unspecified</pose>
		<truncated>0</truncated>
		<difficult>0</difficult>
		<occluded>0</occluded>
		<bndbox>
			<xmin>222</xmin>
			<xmax>398</xmax>
			<ymin>215</ymin>
			<ymax>420</ymax>
		</bndbox>
	</object>
</annotation>
