<annotation>
	<folder></folder>
	<filename>bruises-117-_jpg.rf.157cf446cf7b219b866ac498c2ace9ed.jpg</filename>
	<path>bruises-117-_jpg.rf.157cf446cf7b219b866ac498c2ace9ed.jpg</path>
	<source>
		<database>roboflow.com</database>
	</source>
	<size>
		<width>640</width>
		<height>640</height>
		<depth>3</depth>
	</size>
	<segmented>0</segmented>
	<object>
		<name>bruises</name>
		<pose>Unspecified</pose>
		<truncated>0</truncated>
		<difficult>0</difficult>
		<occluded>0</occluded>
		<bndbox>
			<xmin>203</xmin>
			<xmax>377</xmax>
			<ymin>86</ymin>
			<ymax>382</ymax>
		</bndbox>
	</object>
</annotation>
