<annotation>
	<folder></folder>
	<filename>bruises-55-_jpg.rf.f898f6ebb4fea71522c0fa2d25abed6b.jpg</filename>
	<path>bruises-55-_jpg.rf.f898f6ebb4fea71522c0fa2d25abed6b.jpg</path>
	<source>
		<database>roboflow.com</database>
	</source>
	<size>
		<width>640</width>
		<height>640</height>
		<depth>3</depth>
	</size>
	<segmented>0</segmented>
	<object>
		<name>bruises</name>
		<pose>Unspecified</pose>
		<truncated>0</truncated>
		<difficult>0</difficult>
		<occluded>0</occluded>
		<bndbox>
			<xmin>170</xmin>
			<xmax>456</xmax>
			<ymin>100</ymin>
			<ymax>472</ymax>
		</bndbox>
	</object>
</annotation>
