<annotation>
	<folder></folder>
	<filename>bruises-80-_jpg.rf.1431b82394d4b6f1c27017f1d8fdd7a7.jpg</filename>
	<path>bruises-80-_jpg.rf.1431b82394d4b6f1c27017f1d8fdd7a7.jpg</path>
	<source>
		<database>roboflow.com</database>
	</source>
	<size>
		<width>640</width>
		<height>640</height>
		<depth>3</depth>
	</size>
	<segmented>0</segmented>
	<object>
		<name>bruises</name>
		<pose>Unspecified</pose>
		<truncated>0</truncated>
		<difficult>0</difficult>
		<occluded>0</occluded>
		<bndbox>
			<xmin>228</xmin>
			<xmax>548</xmax>
			<ymin>243</ymin>
			<ymax>566</ymax>
		</bndbox>
	</object>
</annotation>
