<annotation>
	<folder></folder>
	<filename>bruises-80-_jpg.rf.599a81ab4317ded93f26b4a3db8bf742.jpg</filename>
	<path>bruises-80-_jpg.rf.599a81ab4317ded93f26b4a3db8bf742.jpg</path>
	<source>
		<database>roboflow.com</database>
	</source>
	<size>
		<width>640</width>
		<height>640</height>
		<depth>3</depth>
	</size>
	<segmented>0</segmented>
	<object>
		<name>bruises</name>
		<pose>Unspecified</pose>
		<truncated>0</truncated>
		<difficult>0</difficult>
		<occluded>0</occluded>
		<bndbox>
			<xmin>243</xmin>
			<xmax>566</xmax>
			<ymin>228</ymin>
			<ymax>548</ymax>
		</bndbox>
	</object>
</annotation>
