<annotation>
	<folder></folder>
	<filename>bruises-116-_jpg.rf.8b9cc965fb0bb3fc16d67b5c8b4a6157.jpg</filename>
	<path>bruises-116-_jpg.rf.8b9cc965fb0bb3fc16d67b5c8b4a6157.jpg</path>
	<source>
		<database>roboflow.com</database>
	</source>
	<size>
		<width>640</width>
		<height>640</height>
		<depth>3</depth>
	</size>
	<segmented>0</segmented>
	<object>
		<name>bruises</name>
		<pose>Unspecified</pose>
		<truncated>0</truncated>
		<difficult>0</difficult>
		<occluded>0</occluded>
		<bndbox>
			<xmin>167</xmin>
			<xmax>434</xmax>
			<ymin>240</ymin>
			<ymax>532</ymax>
		</bndbox>
	</object>
</annotation>
