<annotation>
	<folder></folder>
	<filename>bruises-103-_jpg.rf.620a660edd3122862e3d2b7507bc64c1.jpg</filename>
	<path>bruises-103-_jpg.rf.620a660edd3122862e3d2b7507bc64c1.jpg</path>
	<source>
		<database>roboflow.com</database>
	</source>
	<size>
		<width>640</width>
		<height>640</height>
		<depth>3</depth>
	</size>
	<segmented>0</segmented>
	<object>
		<name>bruises</name>
		<pose>Unspecified</pose>
		<truncated>0</truncated>
		<difficult>0</difficult>
		<occluded>0</occluded>
		<bndbox>
			<xmin>284</xmin>
			<xmax>548</xmax>
			<ymin>135</ymin>
			<ymax>419</ymax>
		</bndbox>
	</object>
</annotation>
