<annotation>
	<folder></folder>
	<filename>bruises-121-_jpg.rf.a4da6c65b64bd07c66b2636a94a5ea8c.jpg</filename>
	<path>bruises-121-_jpg.rf.a4da6c65b64bd07c66b2636a94a5ea8c.jpg</path>
	<source>
		<database>roboflow.com</database>
	</source>
	<size>
		<width>640</width>
		<height>640</height>
		<depth>3</depth>
	</size>
	<segmented>0</segmented>
	<object>
		<name>bruises</name>
		<pose>Unspecified</pose>
		<truncated>0</truncated>
		<difficult>0</difficult>
		<occluded>0</occluded>
		<bndbox>
			<xmin>190</xmin>
			<xmax>266</xmax>
			<ymin>120</ymin>
			<ymax>236</ymax>
		</bndbox>
	</object>
</annotation>
