<annotation>
	<folder></folder>
	<filename>bruises-112-_jpg.rf.1e86ec4d16da00e493faf8cf9d27f3c2.jpg</filename>
	<path>bruises-112-_jpg.rf.1e86ec4d16da00e493faf8cf9d27f3c2.jpg</path>
	<source>
		<database>roboflow.com</database>
	</source>
	<size>
		<width>640</width>
		<height>640</height>
		<depth>3</depth>
	</size>
	<segmented>0</segmented>
	<object>
		<name>bruises</name>
		<pose>Unspecified</pose>
		<truncated>0</truncated>
		<difficult>0</difficult>
		<occluded>0</occluded>
		<bndbox>
			<xmin>309</xmin>
			<xmax>438</xmax>
			<ymin>281</ymin>
			<ymax>415</ymax>
		</bndbox>
	</object>
</annotation>
