<annotation>
	<folder></folder>
	<filename>bruises-99-_jpg.rf.36677ba6a4fac4436f7d0661d1fab768.jpg</filename>
	<path>bruises-99-_jpg.rf.36677ba6a4fac4436f7d0661d1fab768.jpg</path>
	<source>
		<database>roboflow.com</database>
	</source>
	<size>
		<width>640</width>
		<height>640</height>
		<depth>3</depth>
	</size>
	<segmented>0</segmented>
	<object>
		<name>bruises</name>
		<pose>Unspecified</pose>
		<truncated>0</truncated>
		<difficult>0</difficult>
		<occluded>0</occluded>
		<bndbox>
			<xmin>59</xmin>
			<xmax>596</xmax>
			<ymin>48</ymin>
			<ymax>574</ymax>
		</bndbox>
	</object>
</annotation>
