<annotation>
	<folder></folder>
	<filename>bruises-1-_jpg.rf.471a8e68ab49af12d4970b5bdc03fbd5.jpg</filename>
	<path>bruises-1-_jpg.rf.471a8e68ab49af12d4970b5bdc03fbd5.jpg</path>
	<source>
		<database>roboflow.com</database>
	</source>
	<size>
		<width>640</width>
		<height>640</height>
		<depth>3</depth>
	</size>
	<segmented>0</segmented>
	<object>
		<name>bruises</name>
		<pose>Unspecified</pose>
		<truncated>0</truncated>
		<difficult>0</difficult>
		<occluded>0</occluded>
		<bndbox>
			<xmin>315</xmin>
			<xmax>568</xmax>
			<ymin>119</ymin>
			<ymax>517</ymax>
		</bndbox>
	</object>
</annotation>
