<annotation>
	<folder></folder>
	<filename>bruises-72-_jpg.rf.63b9a5baa3953f6c117c9ec19bc254cd.jpg</filename>
	<path>bruises-72-_jpg.rf.63b9a5baa3953f6c117c9ec19bc254cd.jpg</path>
	<source>
		<database>roboflow.com</database>
	</source>
	<size>
		<width>640</width>
		<height>640</height>
		<depth>3</depth>
	</size>
	<segmented>0</segmented>
	<object>
		<name>bruises</name>
		<pose>Unspecified</pose>
		<truncated>0</truncated>
		<difficult>0</difficult>
		<occluded>0</occluded>
		<bndbox>
			<xmin>147</xmin>
			<xmax>224</xmax>
			<ymin>167</ymin>
			<ymax>277</ymax>
		</bndbox>
	</object>
</annotation>
