<annotation>
	<folder></folder>
	<filename>bruises-101-_jpg.rf.df232f0401314f2380ad979f2f3de96e.jpg</filename>
	<path>bruises-101-_jpg.rf.df232f0401314f2380ad979f2f3de96e.jpg</path>
	<source>
		<database>roboflow.com</database>
	</source>
	<size>
		<width>640</width>
		<height>640</height>
		<depth>3</depth>
	</size>
	<segmented>0</segmented>
	<object>
		<name>bruises</name>
		<pose>Unspecified</pose>
		<truncated>0</truncated>
		<difficult>0</difficult>
		<occluded>0</occluded>
		<bndbox>
			<xmin>14</xmin>
			<xmax>411</xmax>
			<ymin>190</ymin>
			<ymax>525</ymax>
		</bndbox>
	</object>
</annotation>
