<annotation>
	<folder></folder>
	<filename>bruises-103-_jpg.rf.8b9acc74451d5362f678babeb0fee132.jpg</filename>
	<path>bruises-103-_jpg.rf.8b9acc74451d5362f678babeb0fee132.jpg</path>
	<source>
		<database>roboflow.com</database>
	</source>
	<size>
		<width>640</width>
		<height>640</height>
		<depth>3</depth>
	</size>
	<segmented>0</segmented>
	<object>
		<name>bruises</name>
		<pose>Unspecified</pose>
		<truncated>0</truncated>
		<difficult>0</difficult>
		<occluded>0</occluded>
		<bndbox>
			<xmin>284</xmin>
			<xmax>548</xmax>
			<ymin>223</ymin>
			<ymax>507</ymax>
		</bndbox>
	</object>
</annotation>
