<annotation>
	<folder></folder>
	<filename>bruises-73-_jpg.rf.257c6c708fe3afdbd894c69eed9ea929.jpg</filename>
	<path>bruises-73-_jpg.rf.257c6c708fe3afdbd894c69eed9ea929.jpg</path>
	<source>
		<database>roboflow.com</database>
	</source>
	<size>
		<width>640</width>
		<height>640</height>
		<depth>3</depth>
	</size>
	<segmented>0</segmented>
	<object>
		<name>bruises</name>
		<pose>Unspecified</pose>
		<truncated>0</truncated>
		<difficult>0</difficult>
		<occluded>0</occluded>
		<bndbox>
			<xmin>245</xmin>
			<xmax>457</xmax>
			<ymin>256</ymin>
			<ymax>502</ymax>
		</bndbox>
	</object>
</annotation>
