<annotation>
	<folder></folder>
	<filename>bruises-75-_jpg.rf.54cdd0bb343200f269f3285bda3b829a.jpg</filename>
	<path>bruises-75-_jpg.rf.54cdd0bb343200f269f3285bda3b829a.jpg</path>
	<source>
		<database>roboflow.com</database>
	</source>
	<size>
		<width>640</width>
		<height>640</height>
		<depth>3</depth>
	</size>
	<segmented>0</segmented>
	<object>
		<name>bruises</name>
		<pose>Unspecified</pose>
		<truncated>0</truncated>
		<difficult>0</difficult>
		<occluded>0</occluded>
		<bndbox>
			<xmin>201</xmin>
			<xmax>409</xmax>
			<ymin>158</ymin>
			<ymax>501</ymax>
		</bndbox>
	</object>
</annotation>
