<annotation>
	<folder></folder>
	<filename>bruises-122-_jpg.rf.698e333ec3c5297e151549412cb3a05a.jpg</filename>
	<path>bruises-122-_jpg.rf.698e333ec3c5297e151549412cb3a05a.jpg</path>
	<source>
		<database>roboflow.com</database>
	</source>
	<size>
		<width>640</width>
		<height>640</height>
		<depth>3</depth>
	</size>
	<segmented>0</segmented>
	<object>
		<name>bruises</name>
		<pose>Unspecified</pose>
		<truncated>0</truncated>
		<difficult>0</difficult>
		<occluded>0</occluded>
		<bndbox>
			<xmin>262</xmin>
			<xmax>483</xmax>
			<ymin>269</ymin>
			<ymax>404</ymax>
		</bndbox>
	</object>
</annotation>
