<annotation>
	<folder></folder>
	<filename>bruises-70-_jpg.rf.a4ab00585c3af86a3f30963c80a847b6.jpg</filename>
	<path>bruises-70-_jpg.rf.a4ab00585c3af86a3f30963c80a847b6.jpg</path>
	<source>
		<database>roboflow.com</database>
	</source>
	<size>
		<width>640</width>
		<height>640</height>
		<depth>3</depth>
	</size>
	<segmented>0</segmented>
	<object>
		<name>bruises</name>
		<pose>Unspecified</pose>
		<truncated>0</truncated>
		<difficult>0</difficult>
		<occluded>0</occluded>
		<bndbox>
			<xmin>151</xmin>
			<xmax>541</xmax>
			<ymin>159</ymin>
			<ymax>495</ymax>
		</bndbox>
	</object>
</annotation>
