<annotation>
	<folder></folder>
	<filename>bruises-110-_jpg.rf.8124b486585e5b816059286fb4696c42.jpg</filename>
	<path>bruises-110-_jpg.rf.8124b486585e5b816059286fb4696c42.jpg</path>
	<source>
		<database>roboflow.com</database>
	</source>
	<size>
		<width>640</width>
		<height>640</height>
		<depth>3</depth>
	</size>
	<segmented>0</segmented>
	<object>
		<name>bruises</name>
		<pose>Unspecified</pose>
		<truncated>0</truncated>
		<difficult>0</difficult>
		<occluded>0</occluded>
		<bndbox>
			<xmin>135</xmin>
			<xmax>525</xmax>
			<ymin>55</ymin>
			<ymax>471</ymax>
		</bndbox>
	</object>
</annotation>
