<annotation>
	<folder></folder>
	<filename>bruises-22-_jpg.rf.89290ea9504d9838aa92be6eb009717c.jpg</filename>
	<path>bruises-22-_jpg.rf.89290ea9504d9838aa92be6eb009717c.jpg</path>
	<source>
		<database>roboflow.com</database>
	</source>
	<size>
		<width>640</width>
		<height>640</height>
		<depth>3</depth>
	</size>
	<segmented>0</segmented>
	<object>
		<name>bruises</name>
		<pose>Unspecified</pose>
		<truncated>0</truncated>
		<difficult>0</difficult>
		<occluded>0</occluded>
		<bndbox>
			<xmin>161</xmin>
			<xmax>436</xmax>
			<ymin>228</ymin>
			<ymax>430</ymax>
		</bndbox>
	</object>
</annotation>
