<annotation>
	<folder></folder>
	<filename>bruises-102-_jpg.rf.5543137902b5e8eed0755c326d49b941.jpg</filename>
	<path>bruises-102-_jpg.rf.5543137902b5e8eed0755c326d49b941.jpg</path>
	<source>
		<database>roboflow.com</database>
	</source>
	<size>
		<width>640</width>
		<height>640</height>
		<depth>3</depth>
	</size>
	<segmented>0</segmented>
	<object>
		<name>bruises</name>
		<pose>Unspecified</pose>
		<truncated>0</truncated>
		<difficult>0</difficult>
		<occluded>0</occluded>
		<bndbox>
			<xmin>169</xmin>
			<xmax>547</xmax>
			<ymin>172</ymin>
			<ymax>419</ymax>
		</bndbox>
	</object>
</annotation>
