<annotation>
	<folder></folder>
	<filename>bruises-74-_jpg.rf.597417e5485d6b9e7736cfa1a06129d4.jpg</filename>
	<path>bruises-74-_jpg.rf.597417e5485d6b9e7736cfa1a06129d4.jpg</path>
	<source>
		<database>roboflow.com</database>
	</source>
	<size>
		<width>640</width>
		<height>640</height>
		<depth>3</depth>
	</size>
	<segmented>0</segmented>
	<object>
		<name>bruises</name>
		<pose>Unspecified</pose>
		<truncated>0</truncated>
		<difficult>0</difficult>
		<occluded>0</occluded>
		<bndbox>
			<xmin>287</xmin>
			<xmax>433</xmax>
			<ymin>218</ymin>
			<ymax>595</ymax>
		</bndbox>
	</object>
</annotation>
