<annotation>
	<folder></folder>
	<filename>bruises-48-_jpg.rf.5c16f1956cddacaf500994ef9bca4a98.jpg</filename>
	<path>bruises-48-_jpg.rf.5c16f1956cddacaf500994ef9bca4a98.jpg</path>
	<source>
		<database>roboflow.com</database>
	</source>
	<size>
		<width>640</width>
		<height>640</height>
		<depth>3</depth>
	</size>
	<segmented>0</segmented>
	<object>
		<name>bruises</name>
		<pose>Unspecified</pose>
		<truncated>0</truncated>
		<difficult>0</difficult>
		<occluded>0</occluded>
		<bndbox>
			<xmin>91</xmin>
			<xmax>509</xmax>
			<ymin>29</ymin>
			<ymax>563</ymax>
		</bndbox>
	</object>
</annotation>
