<annotation>
	<folder></folder>
	<filename>bruises-99-_jpg.rf.34ae5479e65b4568e3cfef6467f2c000.jpg</filename>
	<path>bruises-99-_jpg.rf.34ae5479e65b4568e3cfef6467f2c000.jpg</path>
	<source>
		<database>roboflow.com</database>
	</source>
	<size>
		<width>640</width>
		<height>640</height>
		<depth>3</depth>
	</size>
	<segmented>0</segmented>
	<object>
		<name>bruises</name>
		<pose>Unspecified</pose>
		<truncated>0</truncated>
		<difficult>0</difficult>
		<occluded>0</occluded>
		<bndbox>
			<xmin>47</xmin>
			<xmax>584</xmax>
			<ymin>68</ymin>
			<ymax>594</ymax>
		</bndbox>
	</object>
</annotation>
