<annotation>
	<folder></folder>
	<filename>bruises-70-_jpg.rf.7fb6280a2eb5ee9aae96bbc0cad9de07.jpg</filename>
	<path>bruises-70-_jpg.rf.7fb6280a2eb5ee9aae96bbc0cad9de07.jpg</path>
	<source>
		<database>roboflow.com</database>
	</source>
	<size>
		<width>640</width>
		<height>640</height>
		<depth>3</depth>
	</size>
	<segmented>0</segmented>
	<object>
		<name>bruises</name>
		<pose>Unspecified</pose>
		<truncated>0</truncated>
		<difficult>0</difficult>
		<occluded>0</occluded>
		<bndbox>
			<xmin>159</xmin>
			<xmax>495</xmax>
			<ymin>102</ymin>
			<ymax>492</ymax>
		</bndbox>
	</object>
</annotation>
