<annotation>
	<folder></folder>
	<filename>bruises-112-_jpg.rf.35ccfeacd18496f1c6e8d39ee2075e98.jpg</filename>
	<path>bruises-112-_jpg.rf.35ccfeacd18496f1c6e8d39ee2075e98.jpg</path>
	<source>
		<database>roboflow.com</database>
	</source>
	<size>
		<width>640</width>
		<height>640</height>
		<depth>3</depth>
	</size>
	<segmented>0</segmented>
	<object>
		<name>bruises</name>
		<pose>Unspecified</pose>
		<truncated>0</truncated>
		<difficult>0</difficult>
		<occluded>0</occluded>
		<bndbox>
			<xmin>227</xmin>
			<xmax>361</xmax>
			<ymin>205</ymin>
			<ymax>334</ymax>
		</bndbox>
	</object>
</annotation>
