<annotation>
	<folder></folder>
	<filename>bruises-87-_jpg.rf.456626d495bd328fd5ab821517ecb55b.jpg</filename>
	<path>bruises-87-_jpg.rf.456626d495bd328fd5ab821517ecb55b.jpg</path>
	<source>
		<database>roboflow.com</database>
	</source>
	<size>
		<width>640</width>
		<height>640</height>
		<depth>3</depth>
	</size>
	<segmented>0</segmented>
	<object>
		<name>bruises</name>
		<pose>Unspecified</pose>
		<truncated>0</truncated>
		<difficult>0</difficult>
		<occluded>0</occluded>
		<bndbox>
			<xmin>236</xmin>
			<xmax>464</xmax>
			<ymin>235</ymin>
			<ymax>475</ymax>
		</bndbox>
	</object>
</annotation>
