<annotation>
	<folder></folder>
	<filename>bruises-61-_jpg.rf.d00081ea24cf4592ae227e5ac268ef19.jpg</filename>
	<path>bruises-61-_jpg.rf.d00081ea24cf4592ae227e5ac268ef19.jpg</path>
	<source>
		<database>roboflow.com</database>
	</source>
	<size>
		<width>640</width>
		<height>640</height>
		<depth>3</depth>
	</size>
	<segmented>0</segmented>
	<object>
		<name>bruises</name>
		<pose>Unspecified</pose>
		<truncated>0</truncated>
		<difficult>0</difficult>
		<occluded>0</occluded>
		<bndbox>
			<xmin>76</xmin>
			<xmax>333</xmax>
			<ymin>265</ymin>
			<ymax>375</ymax>
		</bndbox>
	</object>
</annotation>
