<annotation>
	<folder></folder>
	<filename>bruises-95-_jpg.rf.00b2318942aabb2a2aa328e73be34b2b.jpg</filename>
	<path>bruises-95-_jpg.rf.00b2318942aabb2a2aa328e73be34b2b.jpg</path>
	<source>
		<database>roboflow.com</database>
	</source>
	<size>
		<width>640</width>
		<height>640</height>
		<depth>3</depth>
	</size>
	<segmented>0</segmented>
	<object>
		<name>bruises</name>
		<pose>Unspecified</pose>
		<truncated>0</truncated>
		<difficult>0</difficult>
		<occluded>0</occluded>
		<bndbox>
			<xmin>316</xmin>
			<xmax>452</xmax>
			<ymin>357</ymin>
			<ymax>531</ymax>
		</bndbox>
	</object>
	<object>
		<name>bruises</name>
		<pose>Unspecified</pose>
		<truncated>0</truncated>
		<difficult>0</difficult>
		<occluded>0</occluded>
		<bndbox>
			<xmin>84</xmin>
			<xmax>176</xmax>
			<ymin>91</ymin>
			<ymax>252</ymax>
		</bndbox>
	</object>
	<object>
		<name>bruises</name>
		<pose>Unspecified</pose>
		<truncated>0</truncated>
		<difficult>0</difficult>
		<occluded>0</occluded>
		<bndbox>
			<xmin>438</xmin>
			<xmax>526</xmax>
			<ymin>237</ymin>
			<ymax>341</ymax>
		</bndbox>
	</object>
</annotation>
