<annotation>
	<folder></folder>
	<filename>bruises-92-_jpg.rf.4a0066b394d13bf3218cf239013a9b08.jpg</filename>
	<path>bruises-92-_jpg.rf.4a0066b394d13bf3218cf239013a9b08.jpg</path>
	<source>
		<database>roboflow.com</database>
	</source>
	<size>
		<width>640</width>
		<height>640</height>
		<depth>3</depth>
	</size>
	<segmented>0</segmented>
	<object>
		<name>bruises</name>
		<pose>Unspecified</pose>
		<truncated>0</truncated>
		<difficult>0</difficult>
		<occluded>0</occluded>
		<bndbox>
			<xmin>166</xmin>
			<xmax>466</xmax>
			<ymin>141</ymin>
			<ymax>575</ymax>
		</bndbox>
	</object>
</annotation>
