<annotation>
	<folder></folder>
	<filename>bruises-57-_jpg.rf.6b3f10d0bb85e9587261dc5dc3b5e78a.jpg</filename>
	<path>bruises-57-_jpg.rf.6b3f10d0bb85e9587261dc5dc3b5e78a.jpg</path>
	<source>
		<database>roboflow.com</database>
	</source>
	<size>
		<width>640</width>
		<height>640</height>
		<depth>3</depth>
	</size>
	<segmented>0</segmented>
	<object>
		<name>bruises</name>
		<pose>Unspecified</pose>
		<truncated>0</truncated>
		<difficult>0</difficult>
		<occluded>0</occluded>
		<bndbox>
			<xmin>276</xmin>
			<xmax>435</xmax>
			<ymin>209</ymin>
			<ymax>344</ymax>
		</bndbox>
	</object>
</annotation>
