<annotation>
	<folder></folder>
	<filename>bruises-95-_jpg.rf.66f9210df79a5c9bea46c2804e06b6c1.jpg</filename>
	<path>bruises-95-_jpg.rf.66f9210df79a5c9bea46c2804e06b6c1.jpg</path>
	<source>
		<database>roboflow.com</database>
	</source>
	<size>
		<width>640</width>
		<height>640</height>
		<depth>3</depth>
	</size>
	<segmented>0</segmented>
	<object>
		<name>bruises</name>
		<pose>Unspecified</pose>
		<truncated>0</truncated>
		<difficult>0</difficult>
		<occluded>0</occluded>
		<bndbox>
			<xmin>191</xmin>
			<xmax>327</xmax>
			<ymin>111</ymin>
			<ymax>285</ymax>
		</bndbox>
	</object>
	<object>
		<name>bruises</name>
		<pose>Unspecified</pose>
		<truncated>0</truncated>
		<difficult>0</difficult>
		<occluded>0</occluded>
		<bndbox>
			<xmin>467</xmin>
			<xmax>559</xmax>
			<ymin>390</ymin>
			<ymax>551</ymax>
		</bndbox>
	</object>
	<object>
		<name>bruises</name>
		<pose>Unspecified</pose>
		<truncated>0</truncated>
		<difficult>0</difficult>
		<occluded>0</occluded>
		<bndbox>
			<xmin>117</xmin>
			<xmax>205</xmax>
			<ymin>301</ymin>
			<ymax>405</ymax>
		</bndbox>
	</object>
</annotation>
