<annotation>
	<folder></folder>
	<filename>bruises-85-_jpg.rf.980b9ded0812e3af9d61a8ca88657b3f.jpg</filename>
	<path>bruises-85-_jpg.rf.980b9ded0812e3af9d61a8ca88657b3f.jpg</path>
	<source>
		<database>roboflow.com</database>
	</source>
	<size>
		<width>640</width>
		<height>640</height>
		<depth>3</depth>
	</size>
	<segmented>0</segmented>
	<object>
		<name>bruises</name>
		<pose>Unspecified</pose>
		<truncated>0</truncated>
		<difficult>0</difficult>
		<occluded>0</occluded>
		<bndbox>
			<xmin>112</xmin>
			<xmax>426</xmax>
			<ymin>163</ymin>
			<ymax>511</ymax>
		</bndbox>
	</object>
</annotation>
