<annotation>
	<folder></folder>
	<filename>bruises-68-_jpg.rf.6c501bf5c5b06bef0da595532857cee7.jpg</filename>
	<path>bruises-68-_jpg.rf.6c501bf5c5b06bef0da595532857cee7.jpg</path>
	<source>
		<database>roboflow.com</database>
	</source>
	<size>
		<width>640</width>
		<height>640</height>
		<depth>3</depth>
	</size>
	<segmented>0</segmented>
	<object>
		<name>bruises</name>
		<pose>Unspecified</pose>
		<truncated>0</truncated>
		<difficult>0</difficult>
		<occluded>0</occluded>
		<bndbox>
			<xmin>151</xmin>
			<xmax>305</xmax>
			<ymin>331</ymin>
			<ymax>445</ymax>
		</bndbox>
	</object>
	<object>
		<name>bruises</name>
		<pose>Unspecified</pose>
		<truncated>0</truncated>
		<difficult>0</difficult>
		<occluded>0</occluded>
		<bndbox>
			<xmin>378</xmin>
			<xmax>515</xmax>
			<ymin>77</ymin>
			<ymax>164</ymax>
		</bndbox>
	</object>
	<object>
		<name>bruises</name>
		<pose>Unspecified</pose>
		<truncated>0</truncated>
		<difficult>0</difficult>
		<occluded>0</occluded>
		<bndbox>
			<xmin>309</xmin>
			<xmax>405</xmax>
			<ymin>436</ymin>
			<ymax>519</ymax>
		</bndbox>
	</object>
</annotation>
