<annotation>
	<folder></folder>
	<filename>bruises-104-_jpg.rf.b1983bd9de831a6db8276ee52615a966.jpg</filename>
	<path>bruises-104-_jpg.rf.b1983bd9de831a6db8276ee52615a966.jpg</path>
	<source>
		<database>roboflow.com</database>
	</source>
	<size>
		<width>640</width>
		<height>640</height>
		<depth>3</depth>
	</size>
	<segmented>0</segmented>
	<object>
		<name>bruises</name>
		<pose>Unspecified</pose>
		<truncated>0</truncated>
		<difficult>0</difficult>
		<occluded>0</occluded>
		<bndbox>
			<xmin>187</xmin>
			<xmax>641</xmax>
			<ymin>48</ymin>
			<ymax>444</ymax>
		</bndbox>
	</object>
</annotation>
