<annotation>
	<folder></folder>
	<filename>bruises-90-_jpg.rf.35b6574bee733175ac6f6f965f78beef.jpg</filename>
	<path>bruises-90-_jpg.rf.35b6574bee733175ac6f6f965f78beef.jpg</path>
	<source>
		<database>roboflow.com</database>
	</source>
	<size>
		<width>640</width>
		<height>640</height>
		<depth>3</depth>
	</size>
	<segmented>0</segmented>
	<object>
		<name>bruises</name>
		<pose>Unspecified</pose>
		<truncated>0</truncated>
		<difficult>0</difficult>
		<occluded>0</occluded>
		<bndbox>
			<xmin>97</xmin>
			<xmax>517</xmax>
			<ymin>144</ymin>
			<ymax>550</ymax>
		</bndbox>
	</object>
</annotation>
