<annotation>
	<folder></folder>
	<filename>bruises-59-_jpg.rf.60185cd4ebb3f88afa2bfc5f108b5756.jpg</filename>
	<path>bruises-59-_jpg.rf.60185cd4ebb3f88afa2bfc5f108b5756.jpg</path>
	<source>
		<database>roboflow.com</database>
	</source>
	<size>
		<width>640</width>
		<height>640</height>
		<depth>3</depth>
	</size>
	<segmented>0</segmented>
	<object>
		<name>bruises</name>
		<pose>Unspecified</pose>
		<truncated>0</truncated>
		<difficult>0</difficult>
		<occluded>0</occluded>
		<bndbox>
			<xmin>10</xmin>
			<xmax>514</xmax>
			<ymin>9</ymin>
			<ymax>623</ymax>
		</bndbox>
	</object>
</annotation>
