<annotation>
	<folder></folder>
	<filename>bruises-105-_jpg.rf.ed41a066d2e7f4bfbfdc2447fad16d8b.jpg</filename>
	<path>bruises-105-_jpg.rf.ed41a066d2e7f4bfbfdc2447fad16d8b.jpg</path>
	<source>
		<database>roboflow.com</database>
	</source>
	<size>
		<width>640</width>
		<height>640</height>
		<depth>3</depth>
	</size>
	<segmented>0</segmented>
	<object>
		<name>bruises</name>
		<pose>Unspecified</pose>
		<truncated>0</truncated>
		<difficult>0</difficult>
		<occluded>0</occluded>
		<bndbox>
			<xmin>125</xmin>
			<xmax>424</xmax>
			<ymin>127</ymin>
			<ymax>579</ymax>
		</bndbox>
	</object>
</annotation>
