<annotation>
	<folder></folder>
	<filename>bruises-85-_jpg.rf.a9e2f85d716665caed3399526c33d0cf.jpg</filename>
	<path>bruises-85-_jpg.rf.a9e2f85d716665caed3399526c33d0cf.jpg</path>
	<source>
		<database>roboflow.com</database>
	</source>
	<size>
		<width>640</width>
		<height>640</height>
		<depth>3</depth>
	</size>
	<segmented>0</segmented>
	<object>
		<name>bruises</name>
		<pose>Unspecified</pose>
		<truncated>0</truncated>
		<difficult>0</difficult>
		<occluded>0</occluded>
		<bndbox>
			<xmin>131</xmin>
			<xmax>479</xmax>
			<ymin>216</ymin>
			<ymax>530</ymax>
		</bndbox>
	</object>
</annotation>
