<annotation>
	<folder></folder>
	<filename>bruises-94-_jpg.rf.68fafaa42239b1ca0ba62ff08da3f5df.jpg</filename>
	<path>bruises-94-_jpg.rf.68fafaa42239b1ca0ba62ff08da3f5df.jpg</path>
	<source>
		<database>roboflow.com</database>
	</source>
	<size>
		<width>640</width>
		<height>640</height>
		<depth>3</depth>
	</size>
	<segmented>0</segmented>
	<object>
		<name>bruises</name>
		<pose>Unspecified</pose>
		<truncated>0</truncated>
		<difficult>0</difficult>
		<occluded>0</occluded>
		<bndbox>
			<xmin>151</xmin>
			<xmax>466</xmax>
			<ymin>215</ymin>
			<ymax>483</ymax>
		</bndbox>
	</object>
</annotation>
