<annotation>
	<folder></folder>
	<filename>bruises-73-_jpg.rf.e38113b14559c305339710a2f97be627.jpg</filename>
	<path>bruises-73-_jpg.rf.e38113b14559c305339710a2f97be627.jpg</path>
	<source>
		<database>roboflow.com</database>
	</source>
	<size>
		<width>640</width>
		<height>640</height>
		<depth>3</depth>
	</size>
	<segmented>0</segmented>
	<object>
		<name>bruises</name>
		<pose>Unspecified</pose>
		<truncated>0</truncated>
		<difficult>0</difficult>
		<occluded>0</occluded>
		<bndbox>
			<xmin>245</xmin>
			<xmax>457</xmax>
			<ymin>141</ymin>
			<ymax>387</ymax>
		</bndbox>
	</object>
</annotation>
