<annotation>
	<folder></folder>
	<filename>bruises-86-_jpg.rf.feb05c8ed9a5e3572993b4f09e004cc7.jpg</filename>
	<path>bruises-86-_jpg.rf.feb05c8ed9a5e3572993b4f09e004cc7.jpg</path>
	<source>
		<database>roboflow.com</database>
	</source>
	<size>
		<width>640</width>
		<height>640</height>
		<depth>3</depth>
	</size>
	<segmented>0</segmented>
	<object>
		<name>bruises</name>
		<pose>Unspecified</pose>
		<truncated>0</truncated>
		<difficult>0</difficult>
		<occluded>0</occluded>
		<bndbox>
			<xmin>89</xmin>
			<xmax>515</xmax>
			<ymin>132</ymin>
			<ymax>524</ymax>
		</bndbox>
	</object>
</annotation>
