<annotation>
	<folder></folder>
	<filename>bruises-95-_jpg.rf.78ef3cca8eecee765d385cff40cb0557.jpg</filename>
	<path>bruises-95-_jpg.rf.78ef3cca8eecee765d385cff40cb0557.jpg</path>
	<source>
		<database>roboflow.com</database>
	</source>
	<size>
		<width>640</width>
		<height>640</height>
		<depth>3</depth>
	</size>
	<segmented>0</segmented>
	<object>
		<name>bruises</name>
		<pose>Unspecified</pose>
		<truncated>0</truncated>
		<difficult>0</difficult>
		<occluded>0</occluded>
		<bndbox>
			<xmin>111</xmin>
			<xmax>285</xmax>
			<ymin>191</ymin>
			<ymax>327</ymax>
		</bndbox>
	</object>
	<object>
		<name>bruises</name>
		<pose>Unspecified</pose>
		<truncated>0</truncated>
		<difficult>0</difficult>
		<occluded>0</occluded>
		<bndbox>
			<xmin>390</xmin>
			<xmax>551</xmax>
			<ymin>467</ymin>
			<ymax>559</ymax>
		</bndbox>
	</object>
	<object>
		<name>bruises</name>
		<pose>Unspecified</pose>
		<truncated>0</truncated>
		<difficult>0</difficult>
		<occluded>0</occluded>
		<bndbox>
			<xmin>301</xmin>
			<xmax>405</xmax>
			<ymin>117</ymin>
			<ymax>205</ymax>
		</bndbox>
	</object>
</annotation>
