<annotation>
	<folder></folder>
	<filename>bruises-37-_jpg.rf.ecc67a469be55d24bb681c9119783a94.jpg</filename>
	<path>bruises-37-_jpg.rf.ecc67a469be55d24bb681c9119783a94.jpg</path>
	<source>
		<database>roboflow.com</database>
	</source>
	<size>
		<width>640</width>
		<height>640</height>
		<depth>3</depth>
	</size>
	<segmented>0</segmented>
	<object>
		<name>bruises</name>
		<pose>Unspecified</pose>
		<truncated>0</truncated>
		<difficult>0</difficult>
		<occluded>0</occluded>
		<bndbox>
			<xmin>430</xmin>
			<xmax>531</xmax>
			<ymin>339</ymin>
			<ymax>515</ymax>
		</bndbox>
	</object>
</annotation>
