<annotation>
	<folder></folder>
	<filename>bruises-98-_jpg.rf.233e8755ee31a1c1f06291c9df1d66f8.jpg</filename>
	<path>bruises-98-_jpg.rf.233e8755ee31a1c1f06291c9df1d66f8.jpg</path>
	<source>
		<database>roboflow.com</database>
	</source>
	<size>
		<width>640</width>
		<height>640</height>
		<depth>3</depth>
	</size>
	<segmented>0</segmented>
	<object>
		<name>bruises</name>
		<pose>Unspecified</pose>
		<truncated>0</truncated>
		<difficult>0</difficult>
		<occluded>0</occluded>
		<bndbox>
			<xmin>248</xmin>
			<xmax>392</xmax>
			<ymin>269</ymin>
			<ymax>473</ymax>
		</bndbox>
	</object>
</annotation>
