<annotation>
	<folder></folder>
	<filename>bruises-108-_jpg.rf.645e6b45acda6562afa57c17e81c4ef6.jpg</filename>
	<path>bruises-108-_jpg.rf.645e6b45acda6562afa57c17e81c4ef6.jpg</path>
	<source>
		<database>roboflow.com</database>
	</source>
	<size>
		<width>640</width>
		<height>640</height>
		<depth>3</depth>
	</size>
	<segmented>0</segmented>
	<object>
		<name>bruises</name>
		<pose>Unspecified</pose>
		<truncated>0</truncated>
		<difficult>0</difficult>
		<occluded>0</occluded>
		<bndbox>
			<xmin>97</xmin>
			<xmax>606</xmax>
			<ymin>69</ymin>
			<ymax>519</ymax>
		</bndbox>
	</object>
</annotation>
