<annotation>
	<folder></folder>
	<filename>bruises-76-_jpg.rf.23611e84bdba5fca67cb0e911108f7f7.jpg</filename>
	<path>bruises-76-_jpg.rf.23611e84bdba5fca67cb0e911108f7f7.jpg</path>
	<source>
		<database>roboflow.com</database>
	</source>
	<size>
		<width>640</width>
		<height>640</height>
		<depth>3</depth>
	</size>
	<segmented>0</segmented>
	<object>
		<name>bruises</name>
		<pose>Unspecified</pose>
		<truncated>0</truncated>
		<difficult>0</difficult>
		<occluded>0</occluded>
		<bndbox>
			<xmin>410</xmin>
			<xmax>534</xmax>
			<ymin>289</ymin>
			<ymax>409</ymax>
		</bndbox>
	</object>
</annotation>
