<annotation>
	<folder></folder>
	<filename>bruises-97-_jpg.rf.d10a182c354a7bbb39461dc7ccb2dddf.jpg</filename>
	<path>bruises-97-_jpg.rf.d10a182c354a7bbb39461dc7ccb2dddf.jpg</path>
	<source>
		<database>roboflow.com</database>
	</source>
	<size>
		<width>640</width>
		<height>640</height>
		<depth>3</depth>
	</size>
	<segmented>0</segmented>
	<object>
		<name>bruises</name>
		<pose>Unspecified</pose>
		<truncated>0</truncated>
		<difficult>0</difficult>
		<occluded>0</occluded>
		<bndbox>
			<xmin>101</xmin>
			<xmax>267</xmax>
			<ymin>201</ymin>
			<ymax>394</ymax>
		</bndbox>
	</object>
</annotation>
