<annotation>
	<folder></folder>
	<filename>bruises-3-_jpg.rf.784b1d893c3e54f3f9c645cb4e54ed08.jpg</filename>
	<path>bruises-3-_jpg.rf.784b1d893c3e54f3f9c645cb4e54ed08.jpg</path>
	<source>
		<database>roboflow.com</database>
	</source>
	<size>
		<width>640</width>
		<height>640</height>
		<depth>3</depth>
	</size>
	<segmented>0</segmented>
	<object>
		<name>bruises</name>
		<pose>Unspecified</pose>
		<truncated>0</truncated>
		<difficult>0</difficult>
		<occluded>0</occluded>
		<bndbox>
			<xmin>198</xmin>
			<xmax>441</xmax>
			<ymin>299</ymin>
			<ymax>526</ymax>
		</bndbox>
	</object>
</annotation>
