<annotation>
	<folder></folder>
	<filename>bruises-62-_jpg.rf.412dbe2b6e66c835cf5db93398d36201.jpg</filename>
	<path>bruises-62-_jpg.rf.412dbe2b6e66c835cf5db93398d36201.jpg</path>
	<source>
		<database>roboflow.com</database>
	</source>
	<size>
		<width>640</width>
		<height>640</height>
		<depth>3</depth>
	</size>
	<segmented>0</segmented>
	<object>
		<name>bruises</name>
		<pose>Unspecified</pose>
		<truncated>0</truncated>
		<difficult>0</difficult>
		<occluded>0</occluded>
		<bndbox>
			<xmin>87</xmin>
			<xmax>413</xmax>
			<ymin>97</ymin>
			<ymax>273</ymax>
		</bndbox>
	</object>
	<object>
		<name>bruises</name>
		<pose>Unspecified</pose>
		<truncated>0</truncated>
		<difficult>0</difficult>
		<occluded>0</occluded>
		<bndbox>
			<xmin>298</xmin>
			<xmax>432</xmax>
			<ymin>277</ymin>
			<ymax>389</ymax>
		</bndbox>
	</object>
</annotation>
