<annotation>
	<folder></folder>
	<filename>bruises-73-_jpg.rf.02f6116f182382c0517d2f6760853fb0.jpg</filename>
	<path>bruises-73-_jpg.rf.02f6116f182382c0517d2f6760853fb0.jpg</path>
	<source>
		<database>roboflow.com</database>
	</source>
	<size>
		<width>640</width>
		<height>640</height>
		<depth>3</depth>
	</size>
	<segmented>0</segmented>
	<object>
		<name>bruises</name>
		<pose>Unspecified</pose>
		<truncated>0</truncated>
		<difficult>0</difficult>
		<occluded>0</occluded>
		<bndbox>
			<xmin>185</xmin>
			<xmax>397</xmax>
			<ymin>141</ymin>
			<ymax>387</ymax>
		</bndbox>
	</object>
</annotation>
