<annotation>
	<folder></folder>
	<filename>bruises-93-_jpg.rf.ee05a5bdb5be4bb4fbe6411af890430b.jpg</filename>
	<path>bruises-93-_jpg.rf.ee05a5bdb5be4bb4fbe6411af890430b.jpg</path>
	<source>
		<database>roboflow.com</database>
	</source>
	<size>
		<width>640</width>
		<height>640</height>
		<depth>3</depth>
	</size>
	<segmented>0</segmented>
	<object>
		<name>bruises</name>
		<pose>Unspecified</pose>
		<truncated>0</truncated>
		<difficult>0</difficult>
		<occluded>0</occluded>
		<bndbox>
			<xmin>333</xmin>
			<xmax>410</xmax>
			<ymin>295</ymin>
			<ymax>354</ymax>
		</bndbox>
	</object>
</annotation>
