<annotation>
	<folder></folder>
	<filename>bruises-121-_jpg.rf.064a40ed74b85b6272ec66465ea48b2d.jpg</filename>
	<path>bruises-121-_jpg.rf.064a40ed74b85b6272ec66465ea48b2d.jpg</path>
	<source>
		<database>roboflow.com</database>
	</source>
	<size>
		<width>640</width>
		<height>640</height>
		<depth>3</depth>
	</size>
	<segmented>0</segmented>
	<object>
		<name>bruises</name>
		<pose>Unspecified</pose>
		<truncated>0</truncated>
		<difficult>0</difficult>
		<occluded>0</occluded>
		<bndbox>
			<xmin>406</xmin>
			<xmax>522</xmax>
			<ymin>190</ymin>
			<ymax>266</ymax>
		</bndbox>
	</object>
</annotation>
