<annotation>
	<folder></folder>
	<filename>bruises-89-_jpg.rf.f7ec10c2d154f727fc4af9fc8184770c.jpg</filename>
	<path>bruises-89-_jpg.rf.f7ec10c2d154f727fc4af9fc8184770c.jpg</path>
	<source>
		<database>roboflow.com</database>
	</source>
	<size>
		<width>640</width>
		<height>640</height>
		<depth>3</depth>
	</size>
	<segmented>0</segmented>
	<object>
		<name>bruises</name>
		<pose>Unspecified</pose>
		<truncated>0</truncated>
		<difficult>0</difficult>
		<occluded>0</occluded>
		<bndbox>
			<xmin>401</xmin>
			<xmax>535</xmax>
			<ymin>83</ymin>
			<ymax>373</ymax>
		</bndbox>
	</object>
</annotation>
