<annotation>
	<folder></folder>
	<filename>bruises-119-_jpg.rf.2cfdf1b9e31f1b294daea1fbf8cd4741.jpg</filename>
	<path>bruises-119-_jpg.rf.2cfdf1b9e31f1b294daea1fbf8cd4741.jpg</path>
	<source>
		<database>roboflow.com</database>
	</source>
	<size>
		<width>640</width>
		<height>640</height>
		<depth>3</depth>
	</size>
	<segmented>0</segmented>
	<object>
		<name>bruises</name>
		<pose>Unspecified</pose>
		<truncated>0</truncated>
		<difficult>0</difficult>
		<occluded>0</occluded>
		<bndbox>
			<xmin>224</xmin>
			<xmax>432</xmax>
			<ymin>84</ymin>
			<ymax>212</ymax>
		</bndbox>
	</object>
	<object>
		<name>bruises</name>
		<pose>Unspecified</pose>
		<truncated>0</truncated>
		<difficult>0</difficult>
		<occluded>0</occluded>
		<bndbox>
			<xmin>278</xmin>
			<xmax>405</xmax>
			<ymin>296</ymin>
			<ymax>551</ymax>
		</bndbox>
	</object>
</annotation>
