<annotation>
	<folder></folder>
	<filename>bruises-51-_jpg.rf.a4b3a2f71fce3fb9c0571116d1b01d73.jpg</filename>
	<path>bruises-51-_jpg.rf.a4b3a2f71fce3fb9c0571116d1b01d73.jpg</path>
	<source>
		<database>roboflow.com</database>
	</source>
	<size>
		<width>640</width>
		<height>640</height>
		<depth>3</depth>
	</size>
	<segmented>0</segmented>
	<object>
		<name>bruises</name>
		<pose>Unspecified</pose>
		<truncated>0</truncated>
		<difficult>0</difficult>
		<occluded>0</occluded>
		<bndbox>
			<xmin>257</xmin>
			<xmax>532</xmax>
			<ymin>94</ymin>
			<ymax>466</ymax>
		</bndbox>
	</object>
</annotation>
