<annotation>
	<folder></folder>
	<filename>bruises-94-_jpg.rf.d6ce3a65d3cc3a87f400cab60f25f4ca.jpg</filename>
	<path>bruises-94-_jpg.rf.d6ce3a65d3cc3a87f400cab60f25f4ca.jpg</path>
	<source>
		<database>roboflow.com</database>
	</source>
	<size>
		<width>640</width>
		<height>640</height>
		<depth>3</depth>
	</size>
	<segmented>0</segmented>
	<object>
		<name>bruises</name>
		<pose>Unspecified</pose>
		<truncated>0</truncated>
		<difficult>0</difficult>
		<occluded>0</occluded>
		<bndbox>
			<xmin>176</xmin>
			<xmax>491</xmax>
			<ymin>160</ymin>
			<ymax>428</ymax>
		</bndbox>
	</object>
</annotation>
