<annotation>
	<folder></folder>
	<filename>bruises-122-_jpg.rf.3becafb45b45fa200cf04912103f34ce.jpg</filename>
	<path>bruises-122-_jpg.rf.3becafb45b45fa200cf04912103f34ce.jpg</path>
	<source>
		<database>roboflow.com</database>
	</source>
	<size>
		<width>640</width>
		<height>640</height>
		<depth>3</depth>
	</size>
	<segmented>0</segmented>
	<object>
		<name>bruises</name>
		<pose>Unspecified</pose>
		<truncated>0</truncated>
		<difficult>0</difficult>
		<occluded>0</occluded>
		<bndbox>
			<xmin>159</xmin>
			<xmax>380</xmax>
			<ymin>239</ymin>
			<ymax>374</ymax>
		</bndbox>
	</object>
</annotation>
