<annotation>
	<folder></folder>
	<filename>bruises-120-_jpg.rf.30a684bf3c979cd93d34dac161468cda.jpg</filename>
	<path>bruises-120-_jpg.rf.30a684bf3c979cd93d34dac161468cda.jpg</path>
	<source>
		<database>roboflow.com</database>
	</source>
	<size>
		<width>640</width>
		<height>640</height>
		<depth>3</depth>
	</size>
	<segmented>0</segmented>
	<object>
		<name>bruises</name>
		<pose>Unspecified</pose>
		<truncated>0</truncated>
		<difficult>0</difficult>
		<occluded>0</occluded>
		<bndbox>
			<xmin>250</xmin>
			<xmax>456</xmax>
			<ymin>334</ymin>
			<ymax>519</ymax>
		</bndbox>
	</object>
</annotation>
