<annotation>
	<folder></folder>
	<filename>bruises-76-_jpg.rf.44bfdc93b1235569363705245e07bd0c.jpg</filename>
	<path>bruises-76-_jpg.rf.44bfdc93b1235569363705245e07bd0c.jpg</path>
	<source>
		<database>roboflow.com</database>
	</source>
	<size>
		<width>640</width>
		<height>640</height>
		<depth>3</depth>
	</size>
	<segmented>0</segmented>
	<object>
		<name>bruises</name>
		<pose>Unspecified</pose>
		<truncated>0</truncated>
		<difficult>0</difficult>
		<occluded>0</occluded>
		<bndbox>
			<xmin>289</xmin>
			<xmax>409</xmax>
			<ymin>410</ymin>
			<ymax>534</ymax>
		</bndbox>
	</object>
</annotation>
