<annotation>
	<folder></folder>
	<filename>bruises-108-_jpg.rf.8dca95e84522938e9d3c27d578ce5491.jpg</filename>
	<path>bruises-108-_jpg.rf.8dca95e84522938e9d3c27d578ce5491.jpg</path>
	<source>
		<database>roboflow.com</database>
	</source>
	<size>
		<width>640</width>
		<height>640</height>
		<depth>3</depth>
	</size>
	<segmented>0</segmented>
	<object>
		<name>bruises</name>
		<pose>Unspecified</pose>
		<truncated>0</truncated>
		<difficult>0</difficult>
		<occluded>0</occluded>
		<bndbox>
			<xmin>36</xmin>
			<xmax>545</xmax>
			<ymin>124</ymin>
			<ymax>574</ymax>
		</bndbox>
	</object>
</annotation>
