<annotation>
	<folder></folder>
	<filename>bruises-94-_jpg.rf.4b9c8169531e9eed9267e0928f18844b.jpg</filename>
	<path>bruises-94-_jpg.rf.4b9c8169531e9eed9267e0928f18844b.jpg</path>
	<source>
		<database>roboflow.com</database>
	</source>
	<size>
		<width>640</width>
		<height>640</height>
		<depth>3</depth>
	</size>
	<segmented>0</segmented>
	<object>
		<name>bruises</name>
		<pose>Unspecified</pose>
		<truncated>0</truncated>
		<difficult>0</difficult>
		<occluded>0</occluded>
		<bndbox>
			<xmin>160</xmin>
			<xmax>428</xmax>
			<ymin>176</ymin>
			<ymax>491</ymax>
		</bndbox>
	</object>
</annotation>
