<annotation>
	<folder></folder>
	<filename>bruises-66-_jpg.rf.4d74a72daea60a722547ae23a64247e6.jpg</filename>
	<path>bruises-66-_jpg.rf.4d74a72daea60a722547ae23a64247e6.jpg</path>
	<source>
		<database>roboflow.com</database>
	</source>
	<size>
		<width>640</width>
		<height>640</height>
		<depth>3</depth>
	</size>
	<segmented>0</segmented>
	<object>
		<name>bruises</name>
		<pose>Unspecified</pose>
		<truncated>0</truncated>
		<difficult>0</difficult>
		<occluded>0</occluded>
		<bndbox>
			<xmin>86</xmin>
			<xmax>620</xmax>
			<ymin>5</ymin>
			<ymax>560</ymax>
		</bndbox>
	</object>
</annotation>
