<annotation>
	<folder></folder>
	<filename>bruises-100-_jpg.rf.f3698c8ff68368a79b69e1db5ee1f4a8.jpg</filename>
	<path>bruises-100-_jpg.rf.f3698c8ff68368a79b69e1db5ee1f4a8.jpg</path>
	<source>
		<database>roboflow.com</database>
	</source>
	<size>
		<width>640</width>
		<height>640</height>
		<depth>3</depth>
	</size>
	<segmented>0</segmented>
	<object>
		<name>bruises</name>
		<pose>Unspecified</pose>
		<truncated>0</truncated>
		<difficult>0</difficult>
		<occluded>0</occluded>
		<bndbox>
			<xmin>325</xmin>
			<xmax>485</xmax>
			<ymin>121</ymin>
			<ymax>473</ymax>
		</bndbox>
	</object>
</annotation>
