<annotation>
	<folder></folder>
	<filename>bruises-111-_jpg.rf.38167ce0e05580adef5a6dfbca93cda8.jpg</filename>
	<path>bruises-111-_jpg.rf.38167ce0e05580adef5a6dfbca93cda8.jpg</path>
	<source>
		<database>roboflow.com</database>
	</source>
	<size>
		<width>640</width>
		<height>640</height>
		<depth>3</depth>
	</size>
	<segmented>0</segmented>
	<object>
		<name>bruises</name>
		<pose>Unspecified</pose>
		<truncated>0</truncated>
		<difficult>0</difficult>
		<occluded>0</occluded>
		<bndbox>
			<xmin>83</xmin>
			<xmax>205</xmax>
			<ymin>237</ymin>
			<ymax>407</ymax>
		</bndbox>
	</object>
</annotation>
