<annotation>
	<folder></folder>
	<filename>bruises-68-_jpg.rf.af29255bbb9dc6b4ba74a249e3dca67a.jpg</filename>
	<path>bruises-68-_jpg.rf.af29255bbb9dc6b4ba74a249e3dca67a.jpg</path>
	<source>
		<database>roboflow.com</database>
	</source>
	<size>
		<width>640</width>
		<height>640</height>
		<depth>3</depth>
	</size>
	<segmented>0</segmented>
	<object>
		<name>bruises</name>
		<pose>Unspecified</pose>
		<truncated>0</truncated>
		<difficult>0</difficult>
		<occluded>0</occluded>
		<bndbox>
			<xmin>151</xmin>
			<xmax>305</xmax>
			<ymin>197</ymin>
			<ymax>311</ymax>
		</bndbox>
	</object>
	<object>
		<name>bruises</name>
		<pose>Unspecified</pose>
		<truncated>0</truncated>
		<difficult>0</difficult>
		<occluded>0</occluded>
		<bndbox>
			<xmin>378</xmin>
			<xmax>515</xmax>
			<ymin>479</ymin>
			<ymax>566</ymax>
		</bndbox>
	</object>
	<object>
		<name>bruises</name>
		<pose>Unspecified</pose>
		<truncated>0</truncated>
		<difficult>0</difficult>
		<occluded>0</occluded>
		<bndbox>
			<xmin>309</xmin>
			<xmax>405</xmax>
			<ymin>124</ymin>
			<ymax>207</ymax>
		</bndbox>
	</object>
</annotation>
