<annotation>
	<folder></folder>
	<filename>bruises-106-_jpg.rf.347604442eea50be731483c888d620c8.jpg</filename>
	<path>bruises-106-_jpg.rf.347604442eea50be731483c888d620c8.jpg</path>
	<source>
		<database>roboflow.com</database>
	</source>
	<size>
		<width>640</width>
		<height>640</height>
		<depth>3</depth>
	</size>
	<segmented>0</segmented>
	<object>
		<name>bruises</name>
		<pose>Unspecified</pose>
		<truncated>0</truncated>
		<difficult>0</difficult>
		<occluded>0</occluded>
		<bndbox>
			<xmin>239</xmin>
			<xmax>341</xmax>
			<ymin>333</ymin>
			<ymax>537</ymax>
		</bndbox>
	</object>
</annotation>
