<annotation>
	<folder></folder>
	<filename>bruises-88-_jpg.rf.5eee3fa7864604c5526126d857ed3603.jpg</filename>
	<path>bruises-88-_jpg.rf.5eee3fa7864604c5526126d857ed3603.jpg</path>
	<source>
		<database>roboflow.com</database>
	</source>
	<size>
		<width>640</width>
		<height>640</height>
		<depth>3</depth>
	</size>
	<segmented>0</segmented>
	<object>
		<name>bruises</name>
		<pose>Unspecified</pose>
		<truncated>0</truncated>
		<difficult>0</difficult>
		<occluded>0</occluded>
		<bndbox>
			<xmin>227</xmin>
			<xmax>331</xmax>
			<ymin>401</ymin>
			<ymax>496</ymax>
		</bndbox>
	</object>
</annotation>
