<annotation>
	<folder></folder>
	<filename>bruises-89-_jpg.rf.5b379f6a5228a25c003fc731abdf87ec.jpg</filename>
	<path>bruises-89-_jpg.rf.5b379f6a5228a25c003fc731abdf87ec.jpg</path>
	<source>
		<database>roboflow.com</database>
	</source>
	<size>
		<width>640</width>
		<height>640</height>
		<depth>3</depth>
	</size>
	<segmented>0</segmented>
	<object>
		<name>bruises</name>
		<pose>Unspecified</pose>
		<truncated>0</truncated>
		<difficult>0</difficult>
		<occluded>0</occluded>
		<bndbox>
			<xmin>83</xmin>
			<xmax>373</xmax>
			<ymin>107</ymin>
			<ymax>241</ymax>
		</bndbox>
	</object>
</annotation>
