<annotation>
	<folder></folder>
	<filename>bruises-84-_jpg.rf.1fabf1120d7a125dae778ad549f90e0d.jpg</filename>
	<path>bruises-84-_jpg.rf.1fabf1120d7a125dae778ad549f90e0d.jpg</path>
	<source>
		<database>roboflow.com</database>
	</source>
	<size>
		<width>640</width>
		<height>640</height>
		<depth>3</depth>
	</size>
	<segmented>0</segmented>
	<object>
		<name>bruises</name>
		<pose>Unspecified</pose>
		<truncated>0</truncated>
		<difficult>0</difficult>
		<occluded>0</occluded>
		<bndbox>
			<xmin>101</xmin>
			<xmax>551</xmax>
			<ymin>25</ymin>
			<ymax>565</ymax>
		</bndbox>
	</object>
</annotation>
