<annotation>
	<folder></folder>
	<filename>bruises-120-_jpg.rf.bb76a9cad8afbf3e6f14b3f280741313.jpg</filename>
	<path>bruises-120-_jpg.rf.bb76a9cad8afbf3e6f14b3f280741313.jpg</path>
	<source>
		<database>roboflow.com</database>
	</source>
	<size>
		<width>640</width>
		<height>640</height>
		<depth>3</depth>
	</size>
	<segmented>0</segmented>
	<object>
		<name>bruises</name>
		<pose>Unspecified</pose>
		<truncated>0</truncated>
		<difficult>0</difficult>
		<occluded>0</occluded>
		<bndbox>
			<xmin>250</xmin>
			<xmax>456</xmax>
			<ymin>124</ymin>
			<ymax>309</ymax>
		</bndbox>
	</object>
</annotation>
