<annotation>
	<folder></folder>
	<filename>bruises-64-_jpg.rf.3014a2aeb6ed074044e7ec44182cbe3f.jpg</filename>
	<path>bruises-64-_jpg.rf.3014a2aeb6ed074044e7ec44182cbe3f.jpg</path>
	<source>
		<database>roboflow.com</database>
	</source>
	<size>
		<width>640</width>
		<height>640</height>
		<depth>3</depth>
	</size>
	<segmented>0</segmented>
	<object>
		<name>bruises</name>
		<pose>Unspecified</pose>
		<truncated>0</truncated>
		<difficult>0</difficult>
		<occluded>0</occluded>
		<bndbox>
			<xmin>202</xmin>
			<xmax>545</xmax>
			<ymin>334</ymin>
			<ymax>512</ymax>
		</bndbox>
	</object>
</annotation>
