<annotation>
	<folder></folder>
	<filename>bruises-49-_jpg.rf.df7735f32c51b27268b554a1133e3704.jpg</filename>
	<path>bruises-49-_jpg.rf.df7735f32c51b27268b554a1133e3704.jpg</path>
	<source>
		<database>roboflow.com</database>
	</source>
	<size>
		<width>640</width>
		<height>640</height>
		<depth>3</depth>
	</size>
	<segmented>0</segmented>
	<object>
		<name>bruises</name>
		<pose>Unspecified</pose>
		<truncated>0</truncated>
		<difficult>0</difficult>
		<occluded>0</occluded>
		<bndbox>
			<xmin>124</xmin>
			<xmax>524</xmax>
			<ymin>26</ymin>
			<ymax>569</ymax>
		</bndbox>
	</object>
</annotation>
