<annotation>
	<folder></folder>
	<filename>bruises-57-_jpg.rf.be314037733a68cff1c5c940b68e9b54.jpg</filename>
	<path>bruises-57-_jpg.rf.be314037733a68cff1c5c940b68e9b54.jpg</path>
	<source>
		<database>roboflow.com</database>
	</source>
	<size>
		<width>640</width>
		<height>640</height>
		<depth>3</depth>
	</size>
	<segmented>0</segmented>
	<object>
		<name>bruises</name>
		<pose>Unspecified</pose>
		<truncated>0</truncated>
		<difficult>0</difficult>
		<occluded>0</occluded>
		<bndbox>
			<xmin>209</xmin>
			<xmax>344</xmax>
			<ymin>276</ymin>
			<ymax>435</ymax>
		</bndbox>
	</object>
</annotation>
