<annotation>
	<folder></folder>
	<filename>bruises-104-_jpg.rf.0799400ca6ed132b97e10548841b9f5b.jpg</filename>
	<path>bruises-104-_jpg.rf.0799400ca6ed132b97e10548841b9f5b.jpg</path>
	<source>
		<database>roboflow.com</database>
	</source>
	<size>
		<width>640</width>
		<height>640</height>
		<depth>3</depth>
	</size>
	<segmented>0</segmented>
	<object>
		<name>bruises</name>
		<pose>Unspecified</pose>
		<truncated>0</truncated>
		<difficult>0</difficult>
		<occluded>0</occluded>
		<bndbox>
			<xmin>1</xmin>
			<xmax>455</xmax>
			<ymin>199</ymin>
			<ymax>595</ymax>
		</bndbox>
	</object>
</annotation>
