<annotation>
	<folder></folder>
	<filename>bruises-51-_jpg.rf.2a1c50ee81d05eb46d63685594245a98.jpg</filename>
	<path>bruises-51-_jpg.rf.2a1c50ee81d05eb46d63685594245a98.jpg</path>
	<source>
		<database>roboflow.com</database>
	</source>
	<size>
		<width>640</width>
		<height>640</height>
		<depth>3</depth>
	</size>
	<segmented>0</segmented>
	<object>
		<name>bruises</name>
		<pose>Unspecified</pose>
		<truncated>0</truncated>
		<difficult>0</difficult>
		<occluded>0</occluded>
		<bndbox>
			<xmin>94</xmin>
			<xmax>466</xmax>
			<ymin>110</ymin>
			<ymax>385</ymax>
		</bndbox>
	</object>
</annotation>
