<annotation>
	<folder></folder>
	<filename>bruises-97-_jpg.rf.563c68a5b03fae15710da3c46e938c5f.jpg</filename>
	<path>bruises-97-_jpg.rf.563c68a5b03fae15710da3c46e938c5f.jpg</path>
	<source>
		<database>roboflow.com</database>
	</source>
	<size>
		<width>640</width>
		<height>640</height>
		<depth>3</depth>
	</size>
	<segmented>0</segmented>
	<object>
		<name>bruises</name>
		<pose>Unspecified</pose>
		<truncated>0</truncated>
		<difficult>0</difficult>
		<occluded>0</occluded>
		<bndbox>
			<xmin>375</xmin>
			<xmax>541</xmax>
			<ymin>201</ymin>
			<ymax>394</ymax>
		</bndbox>
	</object>
</annotation>
