<annotation>
	<folder></folder>
	<filename>bruises-95-_jpg.rf.0efe8d1849633e8bb9fdb738ac034a1d.jpg</filename>
	<path>bruises-95-_jpg.rf.0efe8d1849633e8bb9fdb738ac034a1d.jpg</path>
	<source>
		<database>roboflow.com</database>
	</source>
	<size>
		<width>640</width>
		<height>640</height>
		<depth>3</depth>
	</size>
	<segmented>0</segmented>
	<object>
		<name>bruises</name>
		<pose>Unspecified</pose>
		<truncated>0</truncated>
		<difficult>0</difficult>
		<occluded>0</occluded>
		<bndbox>
			<xmin>316</xmin>
			<xmax>451</xmax>
			<ymin>111</ymin>
			<ymax>285</ymax>
		</bndbox>
	</object>
	<object>
		<name>bruises</name>
		<pose>Unspecified</pose>
		<truncated>0</truncated>
		<difficult>0</difficult>
		<occluded>0</occluded>
		<bndbox>
			<xmin>84</xmin>
			<xmax>175</xmax>
			<ymin>390</ymin>
			<ymax>551</ymax>
		</bndbox>
	</object>
	<object>
		<name>bruises</name>
		<pose>Unspecified</pose>
		<truncated>0</truncated>
		<difficult>0</difficult>
		<occluded>0</occluded>
		<bndbox>
			<xmin>438</xmin>
			<xmax>525</xmax>
			<ymin>301</ymin>
			<ymax>405</ymax>
		</bndbox>
	</object>
</annotation>
