<annotation>
	<folder></folder>
	<filename>bruises-84-_jpg.rf.f04d9d9035f6dac0895c18304f9d7b5f.jpg</filename>
	<path>bruises-84-_jpg.rf.f04d9d9035f6dac0895c18304f9d7b5f.jpg</path>
	<source>
		<database>roboflow.com</database>
	</source>
	<size>
		<width>640</width>
		<height>640</height>
		<depth>3</depth>
	</size>
	<segmented>0</segmented>
	<object>
		<name>bruises</name>
		<pose>Unspecified</pose>
		<truncated>0</truncated>
		<difficult>0</difficult>
		<occluded>0</occluded>
		<bndbox>
			<xmin>25</xmin>
			<xmax>565</xmax>
			<ymin>91</ymin>
			<ymax>541</ymax>
		</bndbox>
	</object>
</annotation>
