<annotation>
	<folder></folder>
	<filename>bruises-112-_jpg.rf.045d7a788c00d0fef0602f1880fe3671.jpg</filename>
	<path>bruises-112-_jpg.rf.045d7a788c00d0fef0602f1880fe3671.jpg</path>
	<source>
		<database>roboflow.com</database>
	</source>
	<size>
		<width>640</width>
		<height>640</height>
		<depth>3</depth>
	</size>
	<segmented>0</segmented>
	<object>
		<name>bruises</name>
		<pose>Unspecified</pose>
		<truncated>0</truncated>
		<difficult>0</difficult>
		<occluded>0</occluded>
		<bndbox>
			<xmin>205</xmin>
			<xmax>334</xmax>
			<ymin>227</ymin>
			<ymax>361</ymax>
		</bndbox>
	</object>
</annotation>
