<annotation>
	<folder></folder>
	<filename>bruises-54-_jpg.rf.259c5ad7e8c69038987e76cf784e985a.jpg</filename>
	<path>bruises-54-_jpg.rf.259c5ad7e8c69038987e76cf784e985a.jpg</path>
	<source>
		<database>roboflow.com</database>
	</source>
	<size>
		<width>640</width>
		<height>640</height>
		<depth>3</depth>
	</size>
	<segmented>0</segmented>
	<object>
		<name>bruises</name>
		<pose>Unspecified</pose>
		<truncated>0</truncated>
		<difficult>0</difficult>
		<occluded>0</occluded>
		<bndbox>
			<xmin>244</xmin>
			<xmax>629</xmax>
			<ymin>105</ymin>
			<ymax>594</ymax>
		</bndbox>
	</object>
</annotation>
