<annotation>
	<folder></folder>
	<filename>bruises-111-_jpg.rf.3b077eb64add41c5af12d99e950540d7.jpg</filename>
	<path>bruises-111-_jpg.rf.3b077eb64add41c5af12d99e950540d7.jpg</path>
	<source>
		<database>roboflow.com</database>
	</source>
	<size>
		<width>640</width>
		<height>640</height>
		<depth>3</depth>
	</size>
	<segmented>0</segmented>
	<object>
		<name>bruises</name>
		<pose>Unspecified</pose>
		<truncated>0</truncated>
		<difficult>0</difficult>
		<occluded>0</occluded>
		<bndbox>
			<xmin>438</xmin>
			<xmax>560</xmax>
			<ymin>237</ymin>
			<ymax>407</ymax>
		</bndbox>
	</object>
</annotation>
