<annotation>
	<folder></folder>
	<filename>bruises-103-_jpg.rf.03dff7341a7ac82f029656f87c9b5a05.jpg</filename>
	<path>bruises-103-_jpg.rf.03dff7341a7ac82f029656f87c9b5a05.jpg</path>
	<source>
		<database>roboflow.com</database>
	</source>
	<size>
		<width>640</width>
		<height>640</height>
		<depth>3</depth>
	</size>
	<segmented>0</segmented>
	<object>
		<name>bruises</name>
		<pose>Unspecified</pose>
		<truncated>0</truncated>
		<difficult>0</difficult>
		<occluded>0</occluded>
		<bndbox>
			<xmin>223</xmin>
			<xmax>507</xmax>
			<ymin>95</ymin>
			<ymax>359</ymax>
		</bndbox>
	</object>
</annotation>
