<annotation>
	<folder></folder>
	<filename>bruises-71-_jpg.rf.3ac8426086277e755ab1315957fa8d9f.jpg</filename>
	<path>bruises-71-_jpg.rf.3ac8426086277e755ab1315957fa8d9f.jpg</path>
	<source>
		<database>roboflow.com</database>
	</source>
	<size>
		<width>640</width>
		<height>640</height>
		<depth>3</depth>
	</size>
	<segmented>0</segmented>
	<object>
		<name>bruises</name>
		<pose>Unspecified</pose>
		<truncated>0</truncated>
		<difficult>0</difficult>
		<occluded>0</occluded>
		<bndbox>
			<xmin>276</xmin>
			<xmax>399</xmax>
			<ymin>114</ymin>
			<ymax>244</ymax>
		</bndbox>
	</object>
</annotation>
