<annotation>
	<folder></folder>
	<filename>bruises-97-_jpg.rf.b2dc96afa21ece37bd4ff03ddfd7b23a.jpg</filename>
	<path>bruises-97-_jpg.rf.b2dc96afa21ece37bd4ff03ddfd7b23a.jpg</path>
	<source>
		<database>roboflow.com</database>
	</source>
	<size>
		<width>640</width>
		<height>640</height>
		<depth>3</depth>
	</size>
	<segmented>0</segmented>
	<object>
		<name>bruises</name>
		<pose>Unspecified</pose>
		<truncated>0</truncated>
		<difficult>0</difficult>
		<occluded>0</occluded>
		<bndbox>
			<xmin>201</xmin>
			<xmax>394</xmax>
			<ymin>101</ymin>
			<ymax>267</ymax>
		</bndbox>
	</object>
</annotation>
