<annotation>
	<folder></folder>
	<filename>bruises-64-_jpg.rf.1c2df0c8217bfedf7b60e16f565839fc.jpg</filename>
	<path>bruises-64-_jpg.rf.1c2df0c8217bfedf7b60e16f565839fc.jpg</path>
	<source>
		<database>roboflow.com</database>
	</source>
	<size>
		<width>640</width>
		<height>640</height>
		<depth>3</depth>
	</size>
	<segmented>0</segmented>
	<object>
		<name>bruises</name>
		<pose>Unspecified</pose>
		<truncated>0</truncated>
		<difficult>0</difficult>
		<occluded>0</occluded>
		<bndbox>
			<xmin>131</xmin>
			<xmax>309</xmax>
			<ymin>97</ymin>
			<ymax>440</ymax>
		</bndbox>
	</object>
</annotation>
