<annotation>
	<folder></folder>
	<filename>bruises-105-_jpg.rf.ff9fd618bec9a4b7f12ffcfdab0561cf.jpg</filename>
	<path>bruises-105-_jpg.rf.ff9fd618bec9a4b7f12ffcfdab0561cf.jpg</path>
	<source>
		<database>roboflow.com</database>
	</source>
	<size>
		<width>640</width>
		<height>640</height>
		<depth>3</depth>
	</size>
	<segmented>0</segmented>
	<object>
		<name>bruises</name>
		<pose>Unspecified</pose>
		<truncated>0</truncated>
		<difficult>0</difficult>
		<occluded>0</occluded>
		<bndbox>
			<xmin>218</xmin>
			<xmax>517</xmax>
			<ymin>127</ymin>
			<ymax>579</ymax>
		</bndbox>
	</object>
</annotation>
