<annotation>
	<folder></folder>
	<filename>bruises-53-_jpg.rf.68aa08d88895d780349613ca5cf88df1.jpg</filename>
	<path>bruises-53-_jpg.rf.68aa08d88895d780349613ca5cf88df1.jpg</path>
	<source>
		<database>roboflow.com</database>
	</source>
	<size>
		<width>640</width>
		<height>640</height>
		<depth>3</depth>
	</size>
	<segmented>0</segmented>
	<object>
		<name>bruises</name>
		<pose>Unspecified</pose>
		<truncated>0</truncated>
		<difficult>0</difficult>
		<occluded>0</occluded>
		<bndbox>
			<xmin>242</xmin>
			<xmax>350</xmax>
			<ymin>272</ymin>
			<ymax>423</ymax>
		</bndbox>
	</object>
</annotation>
