<annotation>
	<folder></folder>
	<filename>bruises-89-_jpg.rf.1d536f1c9b4d5e17d32fc0604b12f817.jpg</filename>
	<path>bruises-89-_jpg.rf.1d536f1c9b4d5e17d32fc0604b12f817.jpg</path>
	<source>
		<database>roboflow.com</database>
	</source>
	<size>
		<width>640</width>
		<height>640</height>
		<depth>3</depth>
	</size>
	<segmented>0</segmented>
	<object>
		<name>bruises</name>
		<pose>Unspecified</pose>
		<truncated>0</truncated>
		<difficult>0</difficult>
		<occluded>0</occluded>
		<bndbox>
			<xmin>401</xmin>
			<xmax>535</xmax>
			<ymin>270</ymin>
			<ymax>560</ymax>
		</bndbox>
	</object>
</annotation>
