<annotation>
	<folder></folder>
	<filename>bruises-76-_jpg.rf.b88073d19dd07223fb79648df7e72cf4.jpg</filename>
	<path>bruises-76-_jpg.rf.b88073d19dd07223fb79648df7e72cf4.jpg</path>
	<source>
		<database>roboflow.com</database>
	</source>
	<size>
		<width>640</width>
		<height>640</height>
		<depth>3</depth>
	</size>
	<segmented>0</segmented>
	<object>
		<name>bruises</name>
		<pose>Unspecified</pose>
		<truncated>0</truncated>
		<difficult>0</difficult>
		<occluded>0</occluded>
		<bndbox>
			<xmin>234</xmin>
			<xmax>354</xmax>
			<ymin>410</ymin>
			<ymax>534</ymax>
		</bndbox>
	</object>
</annotation>
