<annotation>
	<folder></folder>
	<filename>bruises-58-_jpg.rf.76c66886ff104dd2d96a0b6ce5adc687.jpg</filename>
	<path>bruises-58-_jpg.rf.76c66886ff104dd2d96a0b6ce5adc687.jpg</path>
	<source>
		<database>roboflow.com</database>
	</source>
	<size>
		<width>640</width>
		<height>640</height>
		<depth>3</depth>
	</size>
	<segmented>0</segmented>
	<object>
		<name>bruises</name>
		<pose>Unspecified</pose>
		<truncated>0</truncated>
		<difficult>0</difficult>
		<occluded>0</occluded>
		<bndbox>
			<xmin>138</xmin>
			<xmax>283</xmax>
			<ymin>403</ymin>
			<ymax>515</ymax>
		</bndbox>
	</object>
</annotation>
