<annotation>
	<folder></folder>
	<filename>bruises-52-_jpg.rf.99f50cb1dda5d6aef6f87ea3228e70f9.jpg</filename>
	<path>bruises-52-_jpg.rf.99f50cb1dda5d6aef6f87ea3228e70f9.jpg</path>
	<source>
		<database>roboflow.com</database>
	</source>
	<size>
		<width>640</width>
		<height>640</height>
		<depth>3</depth>
	</size>
	<segmented>0</segmented>
	<object>
		<name>bruises</name>
		<pose>Unspecified</pose>
		<truncated>0</truncated>
		<difficult>0</difficult>
		<occluded>0</occluded>
		<bndbox>
			<xmin>3</xmin>
			<xmax>440</xmax>
			<ymin>1</ymin>
			<ymax>627</ymax>
		</bndbox>
	</object>
</annotation>
