<annotation>
	<folder></folder>
	<filename>bruises-65-_jpg.rf.f3de711bab1409a8c6756a385d42d1cb.jpg</filename>
	<path>bruises-65-_jpg.rf.f3de711bab1409a8c6756a385d42d1cb.jpg</path>
	<source>
		<database>roboflow.com</database>
	</source>
	<size>
		<width>640</width>
		<height>640</height>
		<depth>3</depth>
	</size>
	<segmented>0</segmented>
	<object>
		<name>bruises</name>
		<pose>Unspecified</pose>
		<truncated>0</truncated>
		<difficult>0</difficult>
		<occluded>0</occluded>
		<bndbox>
			<xmin>314</xmin>
			<xmax>398</xmax>
			<ymin>306</ymin>
			<ymax>428</ymax>
		</bndbox>
	</object>
</annotation>
