<annotation>
	<folder></folder>
	<filename>bruises-102-_jpg.rf.b2f92a9a1b7966bf2051f1f6f1a53391.jpg</filename>
	<path>bruises-102-_jpg.rf.b2f92a9a1b7966bf2051f1f6f1a53391.jpg</path>
	<source>
		<database>roboflow.com</database>
	</source>
	<size>
		<width>640</width>
		<height>640</height>
		<depth>3</depth>
	</size>
	<segmented>0</segmented>
	<object>
		<name>bruises</name>
		<pose>Unspecified</pose>
		<truncated>0</truncated>
		<difficult>0</difficult>
		<occluded>0</occluded>
		<bndbox>
			<xmin>169</xmin>
			<xmax>547</xmax>
			<ymin>224</ymin>
			<ymax>471</ymax>
		</bndbox>
	</object>
</annotation>
