<annotation>
	<folder></folder>
	<filename>bruises-88-_jpg.rf.54bbd522acad2a38c8988441f87487a7.jpg</filename>
	<path>bruises-88-_jpg.rf.54bbd522acad2a38c8988441f87487a7.jpg</path>
	<source>
		<database>roboflow.com</database>
	</source>
	<size>
		<width>640</width>
		<height>640</height>
		<depth>3</depth>
	</size>
	<segmented>0</segmented>
	<object>
		<name>bruises</name>
		<pose>Unspecified</pose>
		<truncated>0</truncated>
		<difficult>0</difficult>
		<occluded>0</occluded>
		<bndbox>
			<xmin>311</xmin>
			<xmax>415</xmax>
			<ymin>401</ymin>
			<ymax>496</ymax>
		</bndbox>
	</object>
</annotation>
