<annotation>
	<folder></folder>
	<filename>bruises-84-_jpg.rf.a7646643dd579c725ae69b8d6bc25656.jpg</filename>
	<path>bruises-84-_jpg.rf.a7646643dd579c725ae69b8d6bc25656.jpg</path>
	<source>
		<database>roboflow.com</database>
	</source>
	<size>
		<width>640</width>
		<height>640</height>
		<depth>3</depth>
	</size>
	<segmented>0</segmented>
	<object>
		<name>bruises</name>
		<pose>Unspecified</pose>
		<truncated>0</truncated>
		<difficult>0</difficult>
		<occluded>0</occluded>
		<bndbox>
			<xmin>77</xmin>
			<xmax>617</xmax>
			<ymin>101</ymin>
			<ymax>551</ymax>
		</bndbox>
	</object>
</annotation>
