<annotation>
	<folder></folder>
	<filename>bruises-75-_jpg.rf.9915417ff8cf9ef1fcbb6f19750c8373.jpg</filename>
	<path>bruises-75-_jpg.rf.9915417ff8cf9ef1fcbb6f19750c8373.jpg</path>
	<source>
		<database>roboflow.com</database>
	</source>
	<size>
		<width>640</width>
		<height>640</height>
		<depth>3</depth>
	</size>
	<segmented>0</segmented>
	<object>
		<name>bruises</name>
		<pose>Unspecified</pose>
		<truncated>0</truncated>
		<difficult>0</difficult>
		<occluded>0</occluded>
		<bndbox>
			<xmin>141</xmin>
			<xmax>484</xmax>
			<ymin>201</ymin>
			<ymax>409</ymax>
		</bndbox>
	</object>
</annotation>
