<annotation>
	<folder></folder>
	<filename>bruises-120-_jpg.rf.90c2fb774d61661c1eca9e1820f15886.jpg</filename>
	<path>bruises-120-_jpg.rf.90c2fb774d61661c1eca9e1820f15886.jpg</path>
	<source>
		<database>roboflow.com</database>
	</source>
	<size>
		<width>640</width>
		<height>640</height>
		<depth>3</depth>
	</size>
	<segmented>0</segmented>
	<object>
		<name>bruises</name>
		<pose>Unspecified</pose>
		<truncated>0</truncated>
		<difficult>0</difficult>
		<occluded>0</occluded>
		<bndbox>
			<xmin>334</xmin>
			<xmax>519</xmax>
			<ymin>186</ymin>
			<ymax>392</ymax>
		</bndbox>
	</object>
</annotation>
