<annotation>
	<folder></folder>
	<filename>bruises-94-_jpg.rf.a418674a6792a6a803e62ce9b6e804d6.jpg</filename>
	<path>bruises-94-_jpg.rf.a418674a6792a6a803e62ce9b6e804d6.jpg</path>
	<source>
		<database>roboflow.com</database>
	</source>
	<size>
		<width>640</width>
		<height>640</height>
		<depth>3</depth>
	</size>
	<segmented>0</segmented>
	<object>
		<name>bruises</name>
		<pose>Unspecified</pose>
		<truncated>0</truncated>
		<difficult>0</difficult>
		<occluded>0</occluded>
		<bndbox>
			<xmin>160</xmin>
			<xmax>428</xmax>
			<ymin>151</ymin>
			<ymax>466</ymax>
		</bndbox>
	</object>
</annotation>
