<annotation>
	<folder></folder>
	<filename>bruises-80-_jpg.rf.a819a209781c7fd1610f4624267604c1.jpg</filename>
	<path>bruises-80-_jpg.rf.a819a209781c7fd1610f4624267604c1.jpg</path>
	<source>
		<database>roboflow.com</database>
	</source>
	<size>
		<width>640</width>
		<height>640</height>
		<depth>3</depth>
	</size>
	<segmented>0</segmented>
	<object>
		<name>bruises</name>
		<pose>Unspecified</pose>
		<truncated>0</truncated>
		<difficult>0</difficult>
		<occluded>0</occluded>
		<bndbox>
			<xmin>228</xmin>
			<xmax>548</xmax>
			<ymin>76</ymin>
			<ymax>399</ymax>
		</bndbox>
	</object>
</annotation>
