<annotation>
	<folder></folder>
	<filename>bruises-50-_jpg.rf.75484e3a6f74ab96252b62a6e7853518.jpg</filename>
	<path>bruises-50-_jpg.rf.75484e3a6f74ab96252b62a6e7853518.jpg</path>
	<source>
		<database>roboflow.com</database>
	</source>
	<size>
		<width>640</width>
		<height>640</height>
		<depth>3</depth>
	</size>
	<segmented>0</segmented>
	<object>
		<name>bruises</name>
		<pose>Unspecified</pose>
		<truncated>0</truncated>
		<difficult>0</difficult>
		<occluded>0</occluded>
		<bndbox>
			<xmin>320</xmin>
			<xmax>535</xmax>
			<ymin>160</ymin>
			<ymax>395</ymax>
		</bndbox>
	</object>
</annotation>
