<annotation>
	<folder></folder>
	<filename>bruises-105-_jpg.rf.dd1c303bb2370e1aea2a69247eb2efe3.jpg</filename>
	<path>bruises-105-_jpg.rf.dd1c303bb2370e1aea2a69247eb2efe3.jpg</path>
	<source>
		<database>roboflow.com</database>
	</source>
	<size>
		<width>640</width>
		<height>640</height>
		<depth>3</depth>
	</size>
	<segmented>0</segmented>
	<object>
		<name>bruises</name>
		<pose>Unspecified</pose>
		<truncated>0</truncated>
		<difficult>0</difficult>
		<occluded>0</occluded>
		<bndbox>
			<xmin>127</xmin>
			<xmax>579</xmax>
			<ymin>125</ymin>
			<ymax>424</ymax>
		</bndbox>
	</object>
</annotation>
