<annotation>
	<folder></folder>
	<filename>bruises-67-_jpg.rf.9a5d5b61d067b3045b96fb781b5eea33.jpg</filename>
	<path>bruises-67-_jpg.rf.9a5d5b61d067b3045b96fb781b5eea33.jpg</path>
	<source>
		<database>roboflow.com</database>
	</source>
	<size>
		<width>640</width>
		<height>640</height>
		<depth>3</depth>
	</size>
	<segmented>0</segmented>
	<object>
		<name>bruises</name>
		<pose>Unspecified</pose>
		<truncated>0</truncated>
		<difficult>0</difficult>
		<occluded>0</occluded>
		<bndbox>
			<xmin>181</xmin>
			<xmax>403</xmax>
			<ymin>269</ymin>
			<ymax>469</ymax>
		</bndbox>
	</object>
</annotation>
