<annotation>
	<folder></folder>
	<filename>bruises-104-_jpg.rf.459adeef350e98540754c8a38b3749ee.jpg</filename>
	<path>bruises-104-_jpg.rf.459adeef350e98540754c8a38b3749ee.jpg</path>
	<source>
		<database>roboflow.com</database>
	</source>
	<size>
		<width>640</width>
		<height>640</height>
		<depth>3</depth>
	</size>
	<segmented>0</segmented>
	<object>
		<name>bruises</name>
		<pose>Unspecified</pose>
		<truncated>0</truncated>
		<difficult>0</difficult>
		<occluded>0</occluded>
		<bndbox>
			<xmin>199</xmin>
			<xmax>595</xmax>
			<ymin>187</ymin>
			<ymax>641</ymax>
		</bndbox>
	</object>
</annotation>
