<annotation>
	<folder></folder>
	<filename>bruises-58-_jpg.rf.84daac364728d943d1c938e8834ac557.jpg</filename>
	<path>bruises-58-_jpg.rf.84daac364728d943d1c938e8834ac557.jpg</path>
	<source>
		<database>roboflow.com</database>
	</source>
	<size>
		<width>640</width>
		<height>640</height>
		<depth>3</depth>
	</size>
	<segmented>0</segmented>
	<object>
		<name>bruises</name>
		<pose>Unspecified</pose>
		<truncated>0</truncated>
		<difficult>0</difficult>
		<occluded>0</occluded>
		<bndbox>
			<xmin>403</xmin>
			<xmax>515</xmax>
			<ymin>359</ymin>
			<ymax>504</ymax>
		</bndbox>
	</object>
</annotation>
