<annotation>
	<folder></folder>
	<filename>bruises-71-_jpg.rf.2aaa0e322d6e0c9a35c3f7ec16c2f430.jpg</filename>
	<path>bruises-71-_jpg.rf.2aaa0e322d6e0c9a35c3f7ec16c2f430.jpg</path>
	<source>
		<database>roboflow.com</database>
	</source>
	<size>
		<width>640</width>
		<height>640</height>
		<depth>3</depth>
	</size>
	<segmented>0</segmented>
	<object>
		<name>bruises</name>
		<pose>Unspecified</pose>
		<truncated>0</truncated>
		<difficult>0</difficult>
		<occluded>0</occluded>
		<bndbox>
			<xmin>244</xmin>
			<xmax>367</xmax>
			<ymin>114</ymin>
			<ymax>244</ymax>
		</bndbox>
	</object>
</annotation>
