<annotation>
	<folder></folder>
	<filename>bruises-63-_jpg.rf.a8f28f9bec089cb180d253f87088203b.jpg</filename>
	<path>bruises-63-_jpg.rf.a8f28f9bec089cb180d253f87088203b.jpg</path>
	<source>
		<database>roboflow.com</database>
	</source>
	<size>
		<width>640</width>
		<height>640</height>
		<depth>3</depth>
	</size>
	<segmented>0</segmented>
	<object>
		<name>bruises</name>
		<pose>Unspecified</pose>
		<truncated>0</truncated>
		<difficult>0</difficult>
		<occluded>0</occluded>
		<bndbox>
			<xmin>118</xmin>
			<xmax>470</xmax>
			<ymin>27</ymin>
			<ymax>530</ymax>
		</bndbox>
	</object>
</annotation>
