<annotation>
	<folder></folder>
	<filename>bruises-80-_jpg.rf.dd9db9c5b9078df7781ca9e419f21fb8.jpg</filename>
	<path>bruises-80-_jpg.rf.dd9db9c5b9078df7781ca9e419f21fb8.jpg</path>
	<source>
		<database>roboflow.com</database>
	</source>
	<size>
		<width>640</width>
		<height>640</height>
		<depth>3</depth>
	</size>
	<segmented>0</segmented>
	<object>
		<name>bruises</name>
		<pose>Unspecified</pose>
		<truncated>0</truncated>
		<difficult>0</difficult>
		<occluded>0</occluded>
		<bndbox>
			<xmin>76</xmin>
			<xmax>399</xmax>
			<ymin>95</ymin>
			<ymax>415</ymax>
		</bndbox>
	</object>
</annotation>
