<annotation>
	<folder></folder>
	<filename>bruises-99-_jpg.rf.6c13b02f08d10e24758be33cf18cf4ba.jpg</filename>
	<path>bruises-99-_jpg.rf.6c13b02f08d10e24758be33cf18cf4ba.jpg</path>
	<source>
		<database>roboflow.com</database>
	</source>
	<size>
		<width>640</width>
		<height>640</height>
		<depth>3</depth>
	</size>
	<segmented>0</segmented>
	<object>
		<name>bruises</name>
		<pose>Unspecified</pose>
		<truncated>0</truncated>
		<difficult>0</difficult>
		<occluded>0</occluded>
		<bndbox>
			<xmin>48</xmin>
			<xmax>574</xmax>
			<ymin>59</ymin>
			<ymax>596</ymax>
		</bndbox>
	</object>
</annotation>
