<annotation>
	<folder></folder>
	<filename>bruises-93-_jpg.rf.d51b54bd9f999d23c5dcb71d70ba40af.jpg</filename>
	<path>bruises-93-_jpg.rf.d51b54bd9f999d23c5dcb71d70ba40af.jpg</path>
	<source>
		<database>roboflow.com</database>
	</source>
	<size>
		<width>640</width>
		<height>640</height>
		<depth>3</depth>
	</size>
	<segmented>0</segmented>
	<object>
		<name>bruises</name>
		<pose>Unspecified</pose>
		<truncated>0</truncated>
		<difficult>0</difficult>
		<occluded>0</occluded>
		<bndbox>
			<xmin>232</xmin>
			<xmax>309</xmax>
			<ymin>289</ymin>
			<ymax>348</ymax>
		</bndbox>
	</object>
</annotation>
