<annotation>
	<folder></folder>
	<filename>bruises-93-_jpg.rf.b290fd26693d97fc91b188cd57eaf174.jpg</filename>
	<path>bruises-93-_jpg.rf.b290fd26693d97fc91b188cd57eaf174.jpg</path>
	<source>
		<database>roboflow.com</database>
	</source>
	<size>
		<width>640</width>
		<height>640</height>
		<depth>3</depth>
	</size>
	<segmented>0</segmented>
	<object>
		<name>bruises</name>
		<pose>Unspecified</pose>
		<truncated>0</truncated>
		<difficult>0</difficult>
		<occluded>0</occluded>
		<bndbox>
			<xmin>289</xmin>
			<xmax>348</xmax>
			<ymin>232</ymin>
			<ymax>309</ymax>
		</bndbox>
	</object>
</annotation>
