<annotation>
	<folder></folder>
	<filename>bruises-104-_jpg.rf.d097a8bd6b351336572b7baa34ee17bc.jpg</filename>
	<path>bruises-104-_jpg.rf.d097a8bd6b351336572b7baa34ee17bc.jpg</path>
	<source>
		<database>roboflow.com</database>
	</source>
	<size>
		<width>640</width>
		<height>640</height>
		<depth>3</depth>
	</size>
	<segmented>0</segmented>
	<object>
		<name>bruises</name>
		<pose>Unspecified</pose>
		<truncated>0</truncated>
		<difficult>0</difficult>
		<occluded>0</occluded>
		<bndbox>
			<xmin>199</xmin>
			<xmax>595</xmax>
			<ymin>1</ymin>
			<ymax>455</ymax>
		</bndbox>
	</object>
</annotation>
