<annotation>
	<folder></folder>
	<filename>bruises-102-_jpg.rf.f188ac059c03305f935bff9240cc5abd.jpg</filename>
	<path>bruises-102-_jpg.rf.f188ac059c03305f935bff9240cc5abd.jpg</path>
	<source>
		<database>roboflow.com</database>
	</source>
	<size>
		<width>640</width>
		<height>640</height>
		<depth>3</depth>
	</size>
	<segmented>0</segmented>
	<object>
		<name>bruises</name>
		<pose>Unspecified</pose>
		<truncated>0</truncated>
		<difficult>0</difficult>
		<occluded>0</occluded>
		<bndbox>
			<xmin>224</xmin>
			<xmax>471</xmax>
			<ymin>95</ymin>
			<ymax>473</ymax>
		</bndbox>
	</object>
</annotation>
