<annotation>
	<folder></folder>
	<filename>bruises-52-_jpg.rf.8dd687533762d58f3cc75904f2a5a9d0.jpg</filename>
	<path>bruises-52-_jpg.rf.8dd687533762d58f3cc75904f2a5a9d0.jpg</path>
	<source>
		<database>roboflow.com</database>
	</source>
	<size>
		<width>640</width>
		<height>640</height>
		<depth>3</depth>
	</size>
	<segmented>0</segmented>
	<object>
		<name>bruises</name>
		<pose>Unspecified</pose>
		<truncated>0</truncated>
		<difficult>0</difficult>
		<occluded>0</occluded>
		<bndbox>
			<xmin>1</xmin>
			<xmax>627</xmax>
			<ymin>3</ymin>
			<ymax>440</ymax>
		</bndbox>
	</object>
</annotation>
