<annotation>
	<folder></folder>
	<filename>bruises-105-_jpg.rf.90f97a13bfc29f1e9932682068aeeb3f.jpg</filename>
	<path>bruises-105-_jpg.rf.90f97a13bfc29f1e9932682068aeeb3f.jpg</path>
	<source>
		<database>roboflow.com</database>
	</source>
	<size>
		<width>640</width>
		<height>640</height>
		<depth>3</depth>
	</size>
	<segmented>0</segmented>
	<object>
		<name>bruises</name>
		<pose>Unspecified</pose>
		<truncated>0</truncated>
		<difficult>0</difficult>
		<occluded>0</occluded>
		<bndbox>
			<xmin>64</xmin>
			<xmax>516</xmax>
			<ymin>125</ymin>
			<ymax>424</ymax>
		</bndbox>
	</object>
</annotation>
