<annotation>
	<folder></folder>
	<filename>bruises-62-_jpg.rf.41952be58d519641d993071e36254b96.jpg</filename>
	<path>bruises-62-_jpg.rf.41952be58d519641d993071e36254b96.jpg</path>
	<source>
		<database>roboflow.com</database>
	</source>
	<size>
		<width>640</width>
		<height>640</height>
		<depth>3</depth>
	</size>
	<segmented>0</segmented>
	<object>
		<name>bruises</name>
		<pose>Unspecified</pose>
		<truncated>0</truncated>
		<difficult>0</difficult>
		<occluded>0</occluded>
		<bndbox>
			<xmin>369</xmin>
			<xmax>545</xmax>
			<ymin>229</ymin>
			<ymax>555</ymax>
		</bndbox>
	</object>
	<object>
		<name>bruises</name>
		<pose>Unspecified</pose>
		<truncated>0</truncated>
		<difficult>0</difficult>
		<occluded>0</occluded>
		<bndbox>
			<xmin>254</xmin>
			<xmax>366</xmax>
			<ymin>210</ymin>
			<ymax>344</ymax>
		</bndbox>
	</object>
</annotation>
