<annotation>
	<folder></folder>
	<filename>bruises-109-_jpg.rf.17216fcc5e63924e67acba5ca337ad5f.jpg</filename>
	<path>bruises-109-_jpg.rf.17216fcc5e63924e67acba5ca337ad5f.jpg</path>
	<source>
		<database>roboflow.com</database>
	</source>
	<size>
		<width>640</width>
		<height>640</height>
		<depth>3</depth>
	</size>
	<segmented>0</segmented>
	<object>
		<name>bruises</name>
		<pose>Unspecified</pose>
		<truncated>0</truncated>
		<difficult>0</difficult>
		<occluded>0</occluded>
		<bndbox>
			<xmin>145</xmin>
			<xmax>504</xmax>
			<ymin>109</ymin>
			<ymax>540</ymax>
		</bndbox>
	</object>
</annotation>
