<annotation>
	<folder></folder>
	<filename>bruises-98-_jpg.rf.c5f79a2fef4f6dd28c6d819623bd9647.jpg</filename>
	<path>bruises-98-_jpg.rf.c5f79a2fef4f6dd28c6d819623bd9647.jpg</path>
	<source>
		<database>roboflow.com</database>
	</source>
	<size>
		<width>640</width>
		<height>640</height>
		<depth>3</depth>
	</size>
	<segmented>0</segmented>
	<object>
		<name>bruises</name>
		<pose>Unspecified</pose>
		<truncated>0</truncated>
		<difficult>0</difficult>
		<occluded>0</occluded>
		<bndbox>
			<xmin>251</xmin>
			<xmax>395</xmax>
			<ymin>269</ymin>
			<ymax>473</ymax>
		</bndbox>
	</object>
</annotation>
