<annotation>
	<folder></folder>
	<filename>bruises-121-_jpg.rf.9565d1bfe8b3538544181f1016be86f8.jpg</filename>
	<path>bruises-121-_jpg.rf.9565d1bfe8b3538544181f1016be86f8.jpg</path>
	<source>
		<database>roboflow.com</database>
	</source>
	<size>
		<width>640</width>
		<height>640</height>
		<depth>3</depth>
	</size>
	<segmented>0</segmented>
	<object>
		<name>bruises</name>
		<pose>Unspecified</pose>
		<truncated>0</truncated>
		<difficult>0</difficult>
		<occluded>0</occluded>
		<bndbox>
			<xmin>377</xmin>
			<xmax>453</xmax>
			<ymin>120</ymin>
			<ymax>236</ymax>
		</bndbox>
	</object>
</annotation>
