<annotation>
	<folder></folder>
	<filename>bruises-121-_jpg.rf.e833bab7cac101d4c7ded6f9cdb53032.jpg</filename>
	<path>bruises-121-_jpg.rf.e833bab7cac101d4c7ded6f9cdb53032.jpg</path>
	<source>
		<database>roboflow.com</database>
	</source>
	<size>
		<width>640</width>
		<height>640</height>
		<depth>3</depth>
	</size>
	<segmented>0</segmented>
	<object>
		<name>bruises</name>
		<pose>Unspecified</pose>
		<truncated>0</truncated>
		<difficult>0</difficult>
		<occluded>0</occluded>
		<bndbox>
			<xmin>120</xmin>
			<xmax>236</xmax>
			<ymin>377</ymin>
			<ymax>453</ymax>
		</bndbox>
	</object>
</annotation>
