<annotation>
	<folder></folder>
	<filename>bruises-122-_jpg.rf.fc113df5b6937eb4684f7ad28bae59a4.jpg</filename>
	<path>bruises-122-_jpg.rf.fc113df5b6937eb4684f7ad28bae59a4.jpg</path>
	<source>
		<database>roboflow.com</database>
	</source>
	<size>
		<width>640</width>
		<height>640</height>
		<depth>3</depth>
	</size>
	<segmented>0</segmented>
	<object>
		<name>bruises</name>
		<pose>Unspecified</pose>
		<truncated>0</truncated>
		<difficult>0</difficult>
		<occluded>0</occluded>
		<bndbox>
			<xmin>269</xmin>
			<xmax>404</xmax>
			<ymin>159</ymin>
			<ymax>380</ymax>
		</bndbox>
	</object>
</annotation>
