<annotation>
	<folder></folder>
	<filename>bruises-90-_jpg.rf.970770a16964ef5b61773e2eda035709.jpg</filename>
	<path>bruises-90-_jpg.rf.970770a16964ef5b61773e2eda035709.jpg</path>
	<source>
		<database>roboflow.com</database>
	</source>
	<size>
		<width>640</width>
		<height>640</height>
		<depth>3</depth>
	</size>
	<segmented>0</segmented>
	<object>
		<name>bruises</name>
		<pose>Unspecified</pose>
		<truncated>0</truncated>
		<difficult>0</difficult>
		<occluded>0</occluded>
		<bndbox>
			<xmin>144</xmin>
			<xmax>550</xmax>
			<ymin>97</ymin>
			<ymax>517</ymax>
		</bndbox>
	</object>
</annotation>
