<annotation>
	<folder></folder>
	<filename>bruises-71-_jpg.rf.32b0d544ccb4135f533cb33ab86c244c.jpg</filename>
	<path>bruises-71-_jpg.rf.32b0d544ccb4135f533cb33ab86c244c.jpg</path>
	<source>
		<database>roboflow.com</database>
	</source>
	<size>
		<width>640</width>
		<height>640</height>
		<depth>3</depth>
	</size>
	<segmented>0</segmented>
	<object>
		<name>bruises</name>
		<pose>Unspecified</pose>
		<truncated>0</truncated>
		<difficult>0</difficult>
		<occluded>0</occluded>
		<bndbox>
			<xmin>398</xmin>
			<xmax>528</xmax>
			<ymin>244</ymin>
			<ymax>367</ymax>
		</bndbox>
	</object>
</annotation>
