<annotation>
	<folder></folder>
	<filename>bruises-93-_jpg.rf.1fb9c74e42ebf6f90a7b0225294d68ac.jpg</filename>
	<path>bruises-93-_jpg.rf.1fb9c74e42ebf6f90a7b0225294d68ac.jpg</path>
	<source>
		<database>roboflow.com</database>
	</source>
	<size>
		<width>640</width>
		<height>640</height>
		<depth>3</depth>
	</size>
	<segmented>0</segmented>
	<object>
		<name>bruises</name>
		<pose>Unspecified</pose>
		<truncated>0</truncated>
		<difficult>0</difficult>
		<occluded>0</occluded>
		<bndbox>
			<xmin>295</xmin>
			<xmax>354</xmax>
			<ymin>333</ymin>
			<ymax>410</ymax>
		</bndbox>
	</object>
</annotation>
