<annotation>
	<folder></folder>
	<filename>bruises-108-_jpg.rf.9b1b26bcfdee98cff21a1b10071f7403.jpg</filename>
	<path>bruises-108-_jpg.rf.9b1b26bcfdee98cff21a1b10071f7403.jpg</path>
	<source>
		<database>roboflow.com</database>
	</source>
	<size>
		<width>640</width>
		<height>640</height>
		<depth>3</depth>
	</size>
	<segmented>0</segmented>
	<object>
		<name>bruises</name>
		<pose>Unspecified</pose>
		<truncated>0</truncated>
		<difficult>0</difficult>
		<occluded>0</occluded>
		<bndbox>
			<xmin>124</xmin>
			<xmax>574</xmax>
			<ymin>36</ymin>
			<ymax>545</ymax>
		</bndbox>
	</object>
</annotation>
