<annotation>
	<folder></folder>
	<filename>bruises-9-_jpg.rf.52461768fe4872abe80cebb7afa61456.jpg</filename>
	<path>bruises-9-_jpg.rf.52461768fe4872abe80cebb7afa61456.jpg</path>
	<source>
		<database>roboflow.com</database>
	</source>
	<size>
		<width>640</width>
		<height>640</height>
		<depth>3</depth>
	</size>
	<segmented>0</segmented>
	<object>
		<name>bruises</name>
		<pose>Unspecified</pose>
		<truncated>0</truncated>
		<difficult>0</difficult>
		<occluded>0</occluded>
		<bndbox>
			<xmin>121</xmin>
			<xmax>641</xmax>
			<ymin>75</ymin>
			<ymax>641</ymax>
		</bndbox>
	</object>
</annotation>
