<annotation>
	<folder></folder>
	<filename>bruises-99-_jpg.rf.726452fbe713292f61061adf94ea6da2.jpg</filename>
	<path>bruises-99-_jpg.rf.726452fbe713292f61061adf94ea6da2.jpg</path>
	<source>
		<database>roboflow.com</database>
	</source>
	<size>
		<width>640</width>
		<height>640</height>
		<depth>3</depth>
	</size>
	<segmented>0</segmented>
	<object>
		<name>bruises</name>
		<pose>Unspecified</pose>
		<truncated>0</truncated>
		<difficult>0</difficult>
		<occluded>0</occluded>
		<bndbox>
			<xmin>47</xmin>
			<xmax>584</xmax>
			<ymin>48</ymin>
			<ymax>574</ymax>
		</bndbox>
	</object>
</annotation>
