<annotation>
	<folder></folder>
	<filename>bruises-71-_jpg.rf.0ea963d5355b2389bb613e9917250f63.jpg</filename>
	<path>bruises-71-_jpg.rf.0ea963d5355b2389bb613e9917250f63.jpg</path>
	<source>
		<database>roboflow.com</database>
	</source>
	<size>
		<width>640</width>
		<height>640</height>
		<depth>3</depth>
	</size>
	<segmented>0</segmented>
	<object>
		<name>bruises</name>
		<pose>Unspecified</pose>
		<truncated>0</truncated>
		<difficult>0</difficult>
		<occluded>0</occluded>
		<bndbox>
			<xmin>114</xmin>
			<xmax>244</xmax>
			<ymin>276</ymin>
			<ymax>399</ymax>
		</bndbox>
	</object>
</annotation>
