<annotation>
	<folder></folder>
	<filename>bruises-107-_jpg.rf.456e9b5329958154251da770fbbaf643.jpg</filename>
	<path>bruises-107-_jpg.rf.456e9b5329958154251da770fbbaf643.jpg</path>
	<source>
		<database>roboflow.com</database>
	</source>
	<size>
		<width>640</width>
		<height>640</height>
		<depth>3</depth>
	</size>
	<segmented>0</segmented>
	<object>
		<name>bruises</name>
		<pose>Unspecified</pose>
		<truncated>0</truncated>
		<difficult>0</difficult>
		<occluded>0</occluded>
		<bndbox>
			<xmin>39</xmin>
			<xmax>567</xmax>
			<ymin>10</ymin>
			<ymax>415</ymax>
		</bndbox>
	</object>
</annotation>
