<annotation>
	<folder></folder>
	<filename>bruises-87-_jpg.rf.2bd08859fc746bddf98adb81f4f758a0.jpg</filename>
	<path>bruises-87-_jpg.rf.2bd08859fc746bddf98adb81f4f758a0.jpg</path>
	<source>
		<database>roboflow.com</database>
	</source>
	<size>
		<width>640</width>
		<height>640</height>
		<depth>3</depth>
	</size>
	<segmented>0</segmented>
	<object>
		<name>bruises</name>
		<pose>Unspecified</pose>
		<truncated>0</truncated>
		<difficult>0</difficult>
		<occluded>0</occluded>
		<bndbox>
			<xmin>236</xmin>
			<xmax>464</xmax>
			<ymin>167</ymin>
			<ymax>407</ymax>
		</bndbox>
	</object>
</annotation>
