<annotation>
	<folder></folder>
	<filename>bruises-92-_jpg.rf.cdae9c13f1ae4fe45fe609f69bf1ef1a.jpg</filename>
	<path>bruises-92-_jpg.rf.cdae9c13f1ae4fe45fe609f69bf1ef1a.jpg</path>
	<source>
		<database>roboflow.com</database>
	</source>
	<size>
		<width>640</width>
		<height>640</height>
		<depth>3</depth>
	</size>
	<segmented>0</segmented>
	<object>
		<name>bruises</name>
		<pose>Unspecified</pose>
		<truncated>0</truncated>
		<difficult>0</difficult>
		<occluded>0</occluded>
		<bndbox>
			<xmin>67</xmin>
			<xmax>501</xmax>
			<ymin>176</ymin>
			<ymax>476</ymax>
		</bndbox>
	</object>
</annotation>
