<annotation>
	<folder></folder>
	<filename>bruises-86-_jpg.rf.dcd98d582b2df021fc9cdfa52d8a142c.jpg</filename>
	<path>bruises-86-_jpg.rf.dcd98d582b2df021fc9cdfa52d8a142c.jpg</path>
	<source>
		<database>roboflow.com</database>
	</source>
	<size>
		<width>640</width>
		<height>640</height>
		<depth>3</depth>
	</size>
	<segmented>0</segmented>
	<object>
		<name>bruises</name>
		<pose>Unspecified</pose>
		<truncated>0</truncated>
		<difficult>0</difficult>
		<occluded>0</occluded>
		<bndbox>
			<xmin>119</xmin>
			<xmax>511</xmax>
			<ymin>89</ymin>
			<ymax>515</ymax>
		</bndbox>
	</object>
</annotation>
