<annotation>
	<folder></folder>
	<filename>bruises-52-_jpg.rf.d83c4b72cbb770e63cd71b77765d1b82.jpg</filename>
	<path>bruises-52-_jpg.rf.d83c4b72cbb770e63cd71b77765d1b82.jpg</path>
	<source>
		<database>roboflow.com</database>
	</source>
	<size>
		<width>640</width>
		<height>640</height>
		<depth>3</depth>
	</size>
	<segmented>0</segmented>
	<object>
		<name>bruises</name>
		<pose>Unspecified</pose>
		<truncated>0</truncated>
		<difficult>0</difficult>
		<occluded>0</occluded>
		<bndbox>
			<xmin>3</xmin>
			<xmax>440</xmax>
			<ymin>15</ymin>
			<ymax>641</ymax>
		</bndbox>
	</object>
</annotation>
