<annotation>
	<folder></folder>
	<filename>bruises-122-_jpg.rf.98df38288b0235991f9a505993fc9cb8.jpg</filename>
	<path>bruises-122-_jpg.rf.98df38288b0235991f9a505993fc9cb8.jpg</path>
	<source>
		<database>roboflow.com</database>
	</source>
	<size>
		<width>640</width>
		<height>640</height>
		<depth>3</depth>
	</size>
	<segmented>0</segmented>
	<object>
		<name>bruises</name>
		<pose>Unspecified</pose>
		<truncated>0</truncated>
		<difficult>0</difficult>
		<occluded>0</occluded>
		<bndbox>
			<xmin>239</xmin>
			<xmax>374</xmax>
			<ymin>159</ymin>
			<ymax>380</ymax>
		</bndbox>
	</object>
</annotation>
