<annotation>
	<folder></folder>
	<filename>bruises-83-_jpg.rf.afe16458d4000ef2dd71c03f335fa71f.jpg</filename>
	<path>bruises-83-_jpg.rf.afe16458d4000ef2dd71c03f335fa71f.jpg</path>
	<source>
		<database>roboflow.com</database>
	</source>
	<size>
		<width>640</width>
		<height>640</height>
		<depth>3</depth>
	</size>
	<segmented>0</segmented>
	<object>
		<name>bruises</name>
		<pose>Unspecified</pose>
		<truncated>0</truncated>
		<difficult>0</difficult>
		<occluded>0</occluded>
		<bndbox>
			<xmin>211</xmin>
			<xmax>388</xmax>
			<ymin>239</ymin>
			<ymax>433</ymax>
		</bndbox>
	</object>
</annotation>
