<annotation>
	<folder></folder>
	<filename>bruises-91-_jpg.rf.5b907e270527f2406daff78cd38d3358.jpg</filename>
	<path>bruises-91-_jpg.rf.5b907e270527f2406daff78cd38d3358.jpg</path>
	<source>
		<database>roboflow.com</database>
	</source>
	<size>
		<width>640</width>
		<height>640</height>
		<depth>3</depth>
	</size>
	<segmented>0</segmented>
	<object>
		<name>bruises</name>
		<pose>Unspecified</pose>
		<truncated>0</truncated>
		<difficult>0</difficult>
		<occluded>0</occluded>
		<bndbox>
			<xmin>244</xmin>
			<xmax>401</xmax>
			<ymin>102</ymin>
			<ymax>615</ymax>
		</bndbox>
	</object>
</annotation>
