<annotation>
	<folder></folder>
	<filename>bruises-50-_jpg.rf.59664e34cda197f281eaa7322392877b.jpg</filename>
	<path>bruises-50-_jpg.rf.59664e34cda197f281eaa7322392877b.jpg</path>
	<source>
		<database>roboflow.com</database>
	</source>
	<size>
		<width>640</width>
		<height>640</height>
		<depth>3</depth>
	</size>
	<segmented>0</segmented>
	<object>
		<name>bruises</name>
		<pose>Unspecified</pose>
		<truncated>0</truncated>
		<difficult>0</difficult>
		<occluded>0</occluded>
		<bndbox>
			<xmin>247</xmin>
			<xmax>482</xmax>
			<ymin>320</ymin>
			<ymax>535</ymax>
		</bndbox>
	</object>
</annotation>
