<annotation>
	<folder></folder>
	<filename>bruises-99-_jpg.rf.337b1d9a3d62d78c81f08579704d88fc.jpg</filename>
	<path>bruises-99-_jpg.rf.337b1d9a3d62d78c81f08579704d88fc.jpg</path>
	<source>
		<database>roboflow.com</database>
	</source>
	<size>
		<width>640</width>
		<height>640</height>
		<depth>3</depth>
	</size>
	<segmented>0</segmented>
	<object>
		<name>bruises</name>
		<pose>Unspecified</pose>
		<truncated>0</truncated>
		<difficult>0</difficult>
		<occluded>0</occluded>
		<bndbox>
			<xmin>48</xmin>
			<xmax>574</xmax>
			<ymin>47</ymin>
			<ymax>584</ymax>
		</bndbox>
	</object>
</annotation>
