<annotation>
	<folder></folder>
	<filename>bruises-58-_jpg.rf.cc8f20ce012209854864cc6c82aa563b.jpg</filename>
	<path>bruises-58-_jpg.rf.cc8f20ce012209854864cc6c82aa563b.jpg</path>
	<source>
		<database>roboflow.com</database>
	</source>
	<size>
		<width>640</width>
		<height>640</height>
		<depth>3</depth>
	</size>
	<segmented>0</segmented>
	<object>
		<name>bruises</name>
		<pose>Unspecified</pose>
		<truncated>0</truncated>
		<difficult>0</difficult>
		<occluded>0</occluded>
		<bndbox>
			<xmin>359</xmin>
			<xmax>504</xmax>
			<ymin>127</ymin>
			<ymax>239</ymax>
		</bndbox>
	</object>
</annotation>
