<annotation>
	<folder></folder>
	<filename>bruises-53-_jpg.rf.734c4ac0afafca4bebeddda44ba57e1b.jpg</filename>
	<path>bruises-53-_jpg.rf.734c4ac0afafca4bebeddda44ba57e1b.jpg</path>
	<source>
		<database>roboflow.com</database>
	</source>
	<size>
		<width>640</width>
		<height>640</height>
		<depth>3</depth>
	</size>
	<segmented>0</segmented>
	<object>
		<name>bruises</name>
		<pose>Unspecified</pose>
		<truncated>0</truncated>
		<difficult>0</difficult>
		<occluded>0</occluded>
		<bndbox>
			<xmin>242</xmin>
			<xmax>350</xmax>
			<ymin>220</ymin>
			<ymax>371</ymax>
		</bndbox>
	</object>
</annotation>
