<annotation>
	<folder></folder>
	<filename>bruises-110-_jpg.rf.0c0c3ede61d17dcc20749d93797a3890.jpg</filename>
	<path>bruises-110-_jpg.rf.0c0c3ede61d17dcc20749d93797a3890.jpg</path>
	<source>
		<database>roboflow.com</database>
	</source>
	<size>
		<width>640</width>
		<height>640</height>
		<depth>3</depth>
	</size>
	<segmented>0</segmented>
	<object>
		<name>bruises</name>
		<pose>Unspecified</pose>
		<truncated>0</truncated>
		<difficult>0</difficult>
		<occluded>0</occluded>
		<bndbox>
			<xmin>172</xmin>
			<xmax>588</xmax>
			<ymin>135</ymin>
			<ymax>525</ymax>
		</bndbox>
	</object>
</annotation>
