<annotation>
	<folder></folder>
	<filename>bruises-73-_jpg.rf.dd1f217359c75a91be1ba81f45a2cbd3.jpg</filename>
	<path>bruises-73-_jpg.rf.dd1f217359c75a91be1ba81f45a2cbd3.jpg</path>
	<source>
		<database>roboflow.com</database>
	</source>
	<size>
		<width>640</width>
		<height>640</height>
		<depth>3</depth>
	</size>
	<segmented>0</segmented>
	<object>
		<name>bruises</name>
		<pose>Unspecified</pose>
		<truncated>0</truncated>
		<difficult>0</difficult>
		<occluded>0</occluded>
		<bndbox>
			<xmin>141</xmin>
			<xmax>387</xmax>
			<ymin>185</ymin>
			<ymax>397</ymax>
		</bndbox>
	</object>
</annotation>
