<annotation>
	<folder></folder>
	<filename>cut-28-_jpg.rf.df4c180b0e47300ab8a073154b0b4082.jpg</filename>
	<path>cut-28-_jpg.rf.df4c180b0e47300ab8a073154b0b4082.jpg</path>
	<source>
		<database>roboflow.com</database>
	</source>
	<size>
		<width>640</width>
		<height>640</height>
		<depth>3</depth>
	</size>
	<segmented>0</segmented>
	<object>
		<name>cut</name>
		<pose>Unspecified</pose>
		<truncated>0</truncated>
		<difficult>0</difficult>
		<occluded>0</occluded>
		<bndbox>
			<xmin>238</xmin>
			<xmax>425</xmax>
			<ymin>207</ymin>
			<ymax>351</ymax>
		</bndbox>
	</object>
</annotation>
