<annotation>
	<folder></folder>
	<filename>cut-36-_jpg.rf.047d56b95d3d366e389a21d3acdaef4c.jpg</filename>
	<path>cut-36-_jpg.rf.047d56b95d3d366e389a21d3acdaef4c.jpg</path>
	<source>
		<database>roboflow.com</database>
	</source>
	<size>
		<width>640</width>
		<height>640</height>
		<depth>3</depth>
	</size>
	<segmented>0</segmented>
	<object>
		<name>cut</name>
		<pose>Unspecified</pose>
		<truncated>0</truncated>
		<difficult>0</difficult>
		<occluded>0</occluded>
		<bndbox>
			<xmin>163</xmin>
			<xmax>373</xmax>
			<ymin>234</ymin>
			<ymax>493</ymax>
		</bndbox>
	</object>
</annotation>
