<annotation>
	<folder></folder>
	<filename>cut-45-_jpg.rf.c69c2e2b7b20e64b324e926bf41a5282.jpg</filename>
	<path>cut-45-_jpg.rf.c69c2e2b7b20e64b324e926bf41a5282.jpg</path>
	<source>
		<database>roboflow.com</database>
	</source>
	<size>
		<width>640</width>
		<height>640</height>
		<depth>3</depth>
	</size>
	<segmented>0</segmented>
	<object>
		<name>cut</name>
		<pose>Unspecified</pose>
		<truncated>0</truncated>
		<difficult>0</difficult>
		<occluded>0</occluded>
		<bndbox>
			<xmin>177</xmin>
			<xmax>402</xmax>
			<ymin>313</ymin>
			<ymax>405</ymax>
		</bndbox>
	</object>
</annotation>
