<annotation>
	<folder></folder>
	<filename>cut-40-_jpg.rf.be2e9c661f9f3118a03084ff99ad0a2f.jpg</filename>
	<path>cut-40-_jpg.rf.be2e9c661f9f3118a03084ff99ad0a2f.jpg</path>
	<source>
		<database>roboflow.com</database>
	</source>
	<size>
		<width>640</width>
		<height>640</height>
		<depth>3</depth>
	</size>
	<segmented>0</segmented>
	<object>
		<name>cut</name>
		<pose>Unspecified</pose>
		<truncated>0</truncated>
		<difficult>0</difficult>
		<occluded>0</occluded>
		<bndbox>
			<xmin>270</xmin>
			<xmax>454</xmax>
			<ymin>196</ymin>
			<ymax>345</ymax>
		</bndbox>
	</object>
</annotation>
