<annotation>
	<folder></folder>
	<filename>cut-20-_jpg.rf.0139d71c5c769860235cd2376482bfdf.jpg</filename>
	<path>cut-20-_jpg.rf.0139d71c5c769860235cd2376482bfdf.jpg</path>
	<source>
		<database>roboflow.com</database>
	</source>
	<size>
		<width>640</width>
		<height>640</height>
		<depth>3</depth>
	</size>
	<segmented>0</segmented>
	<object>
		<name>cut</name>
		<pose>Unspecified</pose>
		<truncated>0</truncated>
		<difficult>0</difficult>
		<occluded>0</occluded>
		<bndbox>
			<xmin>82</xmin>
			<xmax>514</xmax>
			<ymin>36</ymin>
			<ymax>533</ymax>
		</bndbox>
	</object>
</annotation>
