<annotation>
	<folder></folder>
	<filename>cut-10-_jpg.rf.aedf1878a3db889ea0a2225057f27fca.jpg</filename>
	<path>cut-10-_jpg.rf.aedf1878a3db889ea0a2225057f27fca.jpg</path>
	<source>
		<database>roboflow.com</database>
	</source>
	<size>
		<width>640</width>
		<height>640</height>
		<depth>3</depth>
	</size>
	<segmented>0</segmented>
	<object>
		<name>cut</name>
		<pose>Unspecified</pose>
		<truncated>0</truncated>
		<difficult>0</difficult>
		<occluded>0</occluded>
		<bndbox>
			<xmin>210</xmin>
			<xmax>395</xmax>
			<ymin>39</ymin>
			<ymax>295</ymax>
		</bndbox>
	</object>
</annotation>
