<annotation>
	<folder></folder>
	<filename>cut-23-_jpg.rf.3421776e58e01d54f162664031f926bf.jpg</filename>
	<path>cut-23-_jpg.rf.3421776e58e01d54f162664031f926bf.jpg</path>
	<source>
		<database>roboflow.com</database>
	</source>
	<size>
		<width>640</width>
		<height>640</height>
		<depth>3</depth>
	</size>
	<segmented>0</segmented>
	<object>
		<name>cut</name>
		<pose>Unspecified</pose>
		<truncated>0</truncated>
		<difficult>0</difficult>
		<occluded>0</occluded>
		<bndbox>
			<xmin>104</xmin>
			<xmax>257</xmax>
			<ymin>406</ymin>
			<ymax>513</ymax>
		</bndbox>
	</object>
</annotation>
