<annotation>
	<folder></folder>
	<filename>cut-25-_jpg.rf.0398e5e35a052fc71ff90ff3be593441.jpg</filename>
	<path>cut-25-_jpg.rf.0398e5e35a052fc71ff90ff3be593441.jpg</path>
	<source>
		<database>roboflow.com</database>
	</source>
	<size>
		<width>640</width>
		<height>640</height>
		<depth>3</depth>
	</size>
	<segmented>0</segmented>
	<object>
		<name>cut</name>
		<pose>Unspecified</pose>
		<truncated>0</truncated>
		<difficult>0</difficult>
		<occluded>0</occluded>
		<bndbox>
			<xmin>234</xmin>
			<xmax>427</xmax>
			<ymin>368</ymin>
			<ymax>480</ymax>
		</bndbox>
	</object>
</annotation>
