<annotation>
	<folder></folder>
	<filename>cut-42-_jpg.rf.739e7e5c19340330a37d99f32678be2b.jpg</filename>
	<path>cut-42-_jpg.rf.739e7e5c19340330a37d99f32678be2b.jpg</path>
	<source>
		<database>roboflow.com</database>
	</source>
	<size>
		<width>640</width>
		<height>640</height>
		<depth>3</depth>
	</size>
	<segmented>0</segmented>
	<object>
		<name>cut</name>
		<pose>Unspecified</pose>
		<truncated>0</truncated>
		<difficult>0</difficult>
		<occluded>0</occluded>
		<bndbox>
			<xmin>233</xmin>
			<xmax>476</xmax>
			<ymin>280</ymin>
			<ymax>589</ymax>
		</bndbox>
	</object>
</annotation>
