<annotation>
	<folder></folder>
	<filename>cut-27-_jpg.rf.7cb7ea2cce92b5cbe37414142db24c75.jpg</filename>
	<path>cut-27-_jpg.rf.7cb7ea2cce92b5cbe37414142db24c75.jpg</path>
	<source>
		<database>roboflow.com</database>
	</source>
	<size>
		<width>640</width>
		<height>640</height>
		<depth>3</depth>
	</size>
	<segmented>0</segmented>
	<object>
		<name>cut</name>
		<pose>Unspecified</pose>
		<truncated>0</truncated>
		<difficult>0</difficult>
		<occluded>0</occluded>
		<bndbox>
			<xmin>341</xmin>
			<xmax>421</xmax>
			<ymin>289</ymin>
			<ymax>408</ymax>
		</bndbox>
	</object>
</annotation>
