<annotation>
	<folder></folder>
	<filename>cut-44-_jpg.rf.819761f3542b837818605791816f8f01.jpg</filename>
	<path>cut-44-_jpg.rf.819761f3542b837818605791816f8f01.jpg</path>
	<source>
		<database>roboflow.com</database>
	</source>
	<size>
		<width>640</width>
		<height>640</height>
		<depth>3</depth>
	</size>
	<segmented>0</segmented>
	<object>
		<name>cut</name>
		<pose>Unspecified</pose>
		<truncated>0</truncated>
		<difficult>0</difficult>
		<occluded>0</occluded>
		<bndbox>
			<xmin>36</xmin>
			<xmax>549</xmax>
			<ymin>302</ymin>
			<ymax>467</ymax>
		</bndbox>
	</object>
</annotation>
