<annotation>
	<folder></folder>
	<filename>cut-13-_jpg.rf.048e31efb0fc2f4ebd8e72a3ca5cd6b1.jpg</filename>
	<path>cut-13-_jpg.rf.048e31efb0fc2f4ebd8e72a3ca5cd6b1.jpg</path>
	<source>
		<database>roboflow.com</database>
	</source>
	<size>
		<width>640</width>
		<height>640</height>
		<depth>3</depth>
	</size>
	<segmented>0</segmented>
	<object>
		<name>cut</name>
		<pose>Unspecified</pose>
		<truncated>0</truncated>
		<difficult>0</difficult>
		<occluded>0</occluded>
		<bndbox>
			<xmin>216</xmin>
			<xmax>359</xmax>
			<ymin>200</ymin>
			<ymax>331</ymax>
		</bndbox>
	</object>
</annotation>
