<annotation>
	<folder></folder>
	<filename>cut-22-_jpg.rf.7d3f340548aea6821a120af1913799d7.jpg</filename>
	<path>cut-22-_jpg.rf.7d3f340548aea6821a120af1913799d7.jpg</path>
	<source>
		<database>roboflow.com</database>
	</source>
	<size>
		<width>640</width>
		<height>640</height>
		<depth>3</depth>
	</size>
	<segmented>0</segmented>
	<object>
		<name>cut</name>
		<pose>Unspecified</pose>
		<truncated>0</truncated>
		<difficult>0</difficult>
		<occluded>0</occluded>
		<bndbox>
			<xmin>267</xmin>
			<xmax>401</xmax>
			<ymin>280</ymin>
			<ymax>385</ymax>
		</bndbox>
	</object>
</annotation>
