<annotation>
	<folder></folder>
	<filename>cut-4-_jpg.rf.aa2e3ce6d3eaba3b954dc1dc38ede791.jpg</filename>
	<path>cut-4-_jpg.rf.aa2e3ce6d3eaba3b954dc1dc38ede791.jpg</path>
	<source>
		<database>roboflow.com</database>
	</source>
	<size>
		<width>640</width>
		<height>640</height>
		<depth>3</depth>
	</size>
	<segmented>0</segmented>
	<object>
		<name>cut</name>
		<pose>Unspecified</pose>
		<truncated>0</truncated>
		<difficult>0</difficult>
		<occluded>0</occluded>
		<bndbox>
			<xmin>251</xmin>
			<xmax>371</xmax>
			<ymin>221</ymin>
			<ymax>356</ymax>
		</bndbox>
	</object>
</annotation>
