<annotation>
	<folder></folder>
	<filename>cut-25-_jpg.rf.6386564538891b698e3b0daf443ceb64.jpg</filename>
	<path>cut-25-_jpg.rf.6386564538891b698e3b0daf443ceb64.jpg</path>
	<source>
		<database>roboflow.com</database>
	</source>
	<size>
		<width>640</width>
		<height>640</height>
		<depth>3</depth>
	</size>
	<segmented>0</segmented>
	<object>
		<name>cut</name>
		<pose>Unspecified</pose>
		<truncated>0</truncated>
		<difficult>0</difficult>
		<occluded>0</occluded>
		<bndbox>
			<xmin>162</xmin>
			<xmax>274</xmax>
			<ymin>215</ymin>
			<ymax>408</ymax>
		</bndbox>
	</object>
</annotation>
