<annotation>
	<folder></folder>
	<filename>cut-43-_jpg.rf.ed397f7c79bf6357844fcf0fcc53562e.jpg</filename>
	<path>cut-43-_jpg.rf.ed397f7c79bf6357844fcf0fcc53562e.jpg</path>
	<source>
		<database>roboflow.com</database>
	</source>
	<size>
		<width>640</width>
		<height>640</height>
		<depth>3</depth>
	</size>
	<segmented>0</segmented>
	<object>
		<name>cut</name>
		<pose>Unspecified</pose>
		<truncated>0</truncated>
		<difficult>0</difficult>
		<occluded>0</occluded>
		<bndbox>
			<xmin>121</xmin>
			<xmax>323</xmax>
			<ymin>165</ymin>
			<ymax>225</ymax>
		</bndbox>
	</object>
	<object>
		<name>cut</name>
		<pose>Unspecified</pose>
		<truncated>0</truncated>
		<difficult>0</difficult>
		<occluded>0</occluded>
		<bndbox>
			<xmin>144</xmin>
			<xmax>346</xmax>
			<ymin>251</ymin>
			<ymax>386</ymax>
		</bndbox>
	</object>
</annotation>
