<annotation>
	<folder></folder>
	<filename>cut-23-_jpg.rf.d7566ad18f3fccd2a8520e6698c7677f.jpg</filename>
	<path>cut-23-_jpg.rf.d7566ad18f3fccd2a8520e6698c7677f.jpg</path>
	<source>
		<database>roboflow.com</database>
	</source>
	<size>
		<width>640</width>
		<height>640</height>
		<depth>3</depth>
	</size>
	<segmented>0</segmented>
	<object>
		<name>cut</name>
		<pose>Unspecified</pose>
		<truncated>0</truncated>
		<difficult>0</difficult>
		<occluded>0</occluded>
		<bndbox>
			<xmin>129</xmin>
			<xmax>236</xmax>
			<ymin>104</ymin>
			<ymax>257</ymax>
		</bndbox>
	</object>
</annotation>
