<annotation>
	<folder></folder>
	<filename>cut-31-_jpg.rf.98f0d6b15b7fd726da483171d4de0554.jpg</filename>
	<path>cut-31-_jpg.rf.98f0d6b15b7fd726da483171d4de0554.jpg</path>
	<source>
		<database>roboflow.com</database>
	</source>
	<size>
		<width>640</width>
		<height>640</height>
		<depth>3</depth>
	</size>
	<segmented>0</segmented>
	<object>
		<name>cut</name>
		<pose>Unspecified</pose>
		<truncated>0</truncated>
		<difficult>0</difficult>
		<occluded>0</occluded>
		<bndbox>
			<xmin>161</xmin>
			<xmax>410</xmax>
			<ymin>202</ymin>
			<ymax>350</ymax>
		</bndbox>
	</object>
</annotation>
