<annotation>
	<folder></folder>
	<filename>cut-16-_jpg.rf.cbd8222f3a5c35261c0104f7791df7a5.jpg</filename>
	<path>cut-16-_jpg.rf.cbd8222f3a5c35261c0104f7791df7a5.jpg</path>
	<source>
		<database>roboflow.com</database>
	</source>
	<size>
		<width>640</width>
		<height>640</height>
		<depth>3</depth>
	</size>
	<segmented>0</segmented>
	<object>
		<name>cut</name>
		<pose>Unspecified</pose>
		<truncated>0</truncated>
		<difficult>0</difficult>
		<occluded>0</occluded>
		<bndbox>
			<xmin>188</xmin>
			<xmax>401</xmax>
			<ymin>311</ymin>
			<ymax>452</ymax>
		</bndbox>
	</object>
</annotation>
