<annotation>
	<folder></folder>
	<filename>cut-28-_jpg.rf.61ee74fa535645f76f2c4fa61bacf6fb.jpg</filename>
	<path>cut-28-_jpg.rf.61ee74fa535645f76f2c4fa61bacf6fb.jpg</path>
	<source>
		<database>roboflow.com</database>
	</source>
	<size>
		<width>640</width>
		<height>640</height>
		<depth>3</depth>
	</size>
	<segmented>0</segmented>
	<object>
		<name>cut</name>
		<pose>Unspecified</pose>
		<truncated>0</truncated>
		<difficult>0</difficult>
		<occluded>0</occluded>
		<bndbox>
			<xmin>217</xmin>
			<xmax>404</xmax>
			<ymin>207</ymin>
			<ymax>351</ymax>
		</bndbox>
	</object>
</annotation>
