<annotation>
	<folder></folder>
	<filename>cut-35-_jpg.rf.9c90baefd353d1c0662d68c38fb4aa92.jpg</filename>
	<path>cut-35-_jpg.rf.9c90baefd353d1c0662d68c38fb4aa92.jpg</path>
	<source>
		<database>roboflow.com</database>
	</source>
	<size>
		<width>640</width>
		<height>640</height>
		<depth>3</depth>
	</size>
	<segmented>0</segmented>
	<object>
		<name>cut</name>
		<pose>Unspecified</pose>
		<truncated>0</truncated>
		<difficult>0</difficult>
		<occluded>0</occluded>
		<bndbox>
			<xmin>270</xmin>
			<xmax>444</xmax>
			<ymin>37</ymin>
			<ymax>596</ymax>
		</bndbox>
	</object>
</annotation>
