<annotation>
	<folder></folder>
	<filename>cut-16-_jpg.rf.85e7a1da192d51296be35786d80a4f20.jpg</filename>
	<path>cut-16-_jpg.rf.85e7a1da192d51296be35786d80a4f20.jpg</path>
	<source>
		<database>roboflow.com</database>
	</source>
	<size>
		<width>640</width>
		<height>640</height>
		<depth>3</depth>
	</size>
	<segmented>0</segmented>
	<object>
		<name>cut</name>
		<pose>Unspecified</pose>
		<truncated>0</truncated>
		<difficult>0</difficult>
		<occluded>0</occluded>
		<bndbox>
			<xmin>241</xmin>
			<xmax>454</xmax>
			<ymin>311</ymin>
			<ymax>452</ymax>
		</bndbox>
	</object>
</annotation>
