<annotation>
	<folder></folder>
	<filename>cut-30-_jpg.rf.c9c8ecac3f384ddc37536d03ccbfeb8e.jpg</filename>
	<path>cut-30-_jpg.rf.c9c8ecac3f384ddc37536d03ccbfeb8e.jpg</path>
	<source>
		<database>roboflow.com</database>
	</source>
	<size>
		<width>640</width>
		<height>640</height>
		<depth>3</depth>
	</size>
	<segmented>0</segmented>
	<object>
		<name>cut</name>
		<pose>Unspecified</pose>
		<truncated>0</truncated>
		<difficult>0</difficult>
		<occluded>0</occluded>
		<bndbox>
			<xmin>143</xmin>
			<xmax>481</xmax>
			<ymin>311</ymin>
			<ymax>506</ymax>
		</bndbox>
	</object>
</annotation>
