<annotation>
	<folder></folder>
	<filename>cut-34-_jpg.rf.63073b12c5b776a9a5603bd06d9c1d0e.jpg</filename>
	<path>cut-34-_jpg.rf.63073b12c5b776a9a5603bd06d9c1d0e.jpg</path>
	<source>
		<database>roboflow.com</database>
	</source>
	<size>
		<width>640</width>
		<height>640</height>
		<depth>3</depth>
	</size>
	<segmented>0</segmented>
	<object>
		<name>cut</name>
		<pose>Unspecified</pose>
		<truncated>0</truncated>
		<difficult>0</difficult>
		<occluded>0</occluded>
		<bndbox>
			<xmin>160</xmin>
			<xmax>333</xmax>
			<ymin>190</ymin>
			<ymax>363</ymax>
		</bndbox>
	</object>
</annotation>
