<annotation>
	<folder></folder>
	<filename>cut-45-_jpg.rf.98e5b4816e09621e17b89be5cad6390f.jpg</filename>
	<path>cut-45-_jpg.rf.98e5b4816e09621e17b89be5cad6390f.jpg</path>
	<source>
		<database>roboflow.com</database>
	</source>
	<size>
		<width>640</width>
		<height>640</height>
		<depth>3</depth>
	</size>
	<segmented>0</segmented>
	<object>
		<name>cut</name>
		<pose>Unspecified</pose>
		<truncated>0</truncated>
		<difficult>0</difficult>
		<occluded>0</occluded>
		<bndbox>
			<xmin>313</xmin>
			<xmax>405</xmax>
			<ymin>240</ymin>
			<ymax>465</ymax>
		</bndbox>
	</object>
</annotation>
