<annotation>
	<folder></folder>
	<filename>cut-19-_jpg.rf.e6e0824c8ddede3afa6940a6f466d3b7.jpg</filename>
	<path>cut-19-_jpg.rf.e6e0824c8ddede3afa6940a6f466d3b7.jpg</path>
	<source>
		<database>roboflow.com</database>
	</source>
	<size>
		<width>640</width>
		<height>640</height>
		<depth>3</depth>
	</size>
	<segmented>0</segmented>
	<object>
		<name>cut</name>
		<pose>Unspecified</pose>
		<truncated>0</truncated>
		<difficult>0</difficult>
		<occluded>0</occluded>
		<bndbox>
			<xmin>310</xmin>
			<xmax>485</xmax>
			<ymin>164</ymin>
			<ymax>388</ymax>
		</bndbox>
	</object>
</annotation>
