<annotation>
	<folder></folder>
	<filename>cut-7-_jpg.rf.0c5f9c7d193fae57e624a0a97d6b6fdc.jpg</filename>
	<path>cut-7-_jpg.rf.0c5f9c7d193fae57e624a0a97d6b6fdc.jpg</path>
	<source>
		<database>roboflow.com</database>
	</source>
	<size>
		<width>640</width>
		<height>640</height>
		<depth>3</depth>
	</size>
	<segmented>0</segmented>
	<object>
		<name>cut</name>
		<pose>Unspecified</pose>
		<truncated>0</truncated>
		<difficult>0</difficult>
		<occluded>0</occluded>
		<bndbox>
			<xmin>169</xmin>
			<xmax>362</xmax>
			<ymin>86</ymin>
			<ymax>460</ymax>
		</bndbox>
	</object>
</annotation>
