<annotation>
	<folder></folder>
	<filename>cut-34-_jpg.rf.198d57fc72cca97bff741f1a1a582389.jpg</filename>
	<path>cut-34-_jpg.rf.198d57fc72cca97bff741f1a1a582389.jpg</path>
	<source>
		<database>roboflow.com</database>
	</source>
	<size>
		<width>640</width>
		<height>640</height>
		<depth>3</depth>
	</size>
	<segmented>0</segmented>
	<object>
		<name>cut</name>
		<pose>Unspecified</pose>
		<truncated>0</truncated>
		<difficult>0</difficult>
		<occluded>0</occluded>
		<bndbox>
			<xmin>279</xmin>
			<xmax>452</xmax>
			<ymin>309</ymin>
			<ymax>482</ymax>
		</bndbox>
	</object>
</annotation>
