<annotation>
	<folder></folder>
	<filename>cut-9-_jpg.rf.35ef51f85b16251a7254e9e4df6004fe.jpg</filename>
	<path>cut-9-_jpg.rf.35ef51f85b16251a7254e9e4df6004fe.jpg</path>
	<source>
		<database>roboflow.com</database>
	</source>
	<size>
		<width>640</width>
		<height>640</height>
		<depth>3</depth>
	</size>
	<segmented>0</segmented>
	<object>
		<name>cut</name>
		<pose>Unspecified</pose>
		<truncated>0</truncated>
		<difficult>0</difficult>
		<occluded>0</occluded>
		<bndbox>
			<xmin>208</xmin>
			<xmax>552</xmax>
			<ymin>180</ymin>
			<ymax>365</ymax>
		</bndbox>
	</object>
</annotation>
