<annotation>
	<folder></folder>
	<filename>cut-6-_jpg.rf.1d3a98a866841ab008c882a78e36cead.jpg</filename>
	<path>cut-6-_jpg.rf.1d3a98a866841ab008c882a78e36cead.jpg</path>
	<source>
		<database>roboflow.com</database>
	</source>
	<size>
		<width>640</width>
		<height>640</height>
		<depth>3</depth>
	</size>
	<segmented>0</segmented>
	<object>
		<name>cut</name>
		<pose>Unspecified</pose>
		<truncated>0</truncated>
		<difficult>0</difficult>
		<occluded>0</occluded>
		<bndbox>
			<xmin>280</xmin>
			<xmax>477</xmax>
			<ymin>278</ymin>
			<ymax>436</ymax>
		</bndbox>
	</object>
</annotation>
