<annotation>
	<folder></folder>
	<filename>cut-47-_jpg.rf.7c8bacb0c467705a13992da651ff700f.jpg</filename>
	<path>cut-47-_jpg.rf.7c8bacb0c467705a13992da651ff700f.jpg</path>
	<source>
		<database>roboflow.com</database>
	</source>
	<size>
		<width>640</width>
		<height>640</height>
		<depth>3</depth>
	</size>
	<segmented>0</segmented>
	<object>
		<name>cut</name>
		<pose>Unspecified</pose>
		<truncated>0</truncated>
		<difficult>0</difficult>
		<occluded>0</occluded>
		<bndbox>
			<xmin>244</xmin>
			<xmax>356</xmax>
			<ymin>276</ymin>
			<ymax>448</ymax>
		</bndbox>
	</object>
</annotation>
