<annotation>
	<folder></folder>
	<filename>cut-26-_jpg.rf.35a9b2d018cad3dfdbf535ee713aae7a.jpg</filename>
	<path>cut-26-_jpg.rf.35a9b2d018cad3dfdbf535ee713aae7a.jpg</path>
	<source>
		<database>roboflow.com</database>
	</source>
	<size>
		<width>640</width>
		<height>640</height>
		<depth>3</depth>
	</size>
	<segmented>0</segmented>
	<object>
		<name>cut</name>
		<pose>Unspecified</pose>
		<truncated>0</truncated>
		<difficult>0</difficult>
		<occluded>0</occluded>
		<bndbox>
			<xmin>184</xmin>
			<xmax>448</xmax>
			<ymin>122</ymin>
			<ymax>482</ymax>
		</bndbox>
	</object>
</annotation>
