<annotation>
	<folder></folder>
	<filename>cut-10-_jpg.rf.4617480c50a3a45c4cadf5b3017d1bfd.jpg</filename>
	<path>cut-10-_jpg.rf.4617480c50a3a45c4cadf5b3017d1bfd.jpg</path>
	<source>
		<database>roboflow.com</database>
	</source>
	<size>
		<width>640</width>
		<height>640</height>
		<depth>3</depth>
	</size>
	<segmented>0</segmented>
	<object>
		<name>cut</name>
		<pose>Unspecified</pose>
		<truncated>0</truncated>
		<difficult>0</difficult>
		<occluded>0</occluded>
		<bndbox>
			<xmin>39</xmin>
			<xmax>295</xmax>
			<ymin>247</ymin>
			<ymax>432</ymax>
		</bndbox>
	</object>
</annotation>
