<annotation>
	<folder></folder>
	<filename>cut-9-_jpg.rf.959ffb1b726db95e0bea774536df28f3.jpg</filename>
	<path>cut-9-_jpg.rf.959ffb1b726db95e0bea774536df28f3.jpg</path>
	<source>
		<database>roboflow.com</database>
	</source>
	<size>
		<width>640</width>
		<height>640</height>
		<depth>3</depth>
	</size>
	<segmented>0</segmented>
	<object>
		<name>cut</name>
		<pose>Unspecified</pose>
		<truncated>0</truncated>
		<difficult>0</difficult>
		<occluded>0</occluded>
		<bndbox>
			<xmin>90</xmin>
			<xmax>434</xmax>
			<ymin>180</ymin>
			<ymax>365</ymax>
		</bndbox>
	</object>
</annotation>
