<annotation>
	<folder></folder>
	<filename>cut-3-_jpg.rf.916155d560fab544e54039ac234c0c9b.jpg</filename>
	<path>cut-3-_jpg.rf.916155d560fab544e54039ac234c0c9b.jpg</path>
	<source>
		<database>roboflow.com</database>
	</source>
	<size>
		<width>640</width>
		<height>640</height>
		<depth>3</depth>
	</size>
	<segmented>0</segmented>
	<object>
		<name>cut</name>
		<pose>Unspecified</pose>
		<truncated>0</truncated>
		<difficult>0</difficult>
		<occluded>0</occluded>
		<bndbox>
			<xmin>221</xmin>
			<xmax>515</xmax>
			<ymin>236</ymin>
			<ymax>551</ymax>
		</bndbox>
	</object>
</annotation>
