<annotation>
	<folder></folder>
	<filename>cut-6-_jpg.rf.892bf97d702096b9e18438eae59cf60d.jpg</filename>
	<path>cut-6-_jpg.rf.892bf97d702096b9e18438eae59cf60d.jpg</path>
	<source>
		<database>roboflow.com</database>
	</source>
	<size>
		<width>640</width>
		<height>640</height>
		<depth>3</depth>
	</size>
	<segmented>0</segmented>
	<object>
		<name>cut</name>
		<pose>Unspecified</pose>
		<truncated>0</truncated>
		<difficult>0</difficult>
		<occluded>0</occluded>
		<bndbox>
			<xmin>280</xmin>
			<xmax>477</xmax>
			<ymin>206</ymin>
			<ymax>364</ymax>
		</bndbox>
	</object>
</annotation>
