<annotation>
	<folder></folder>
	<filename>cut-23-_jpg.rf.485df264d21b4fdf09bce8914e573e07.jpg</filename>
	<path>cut-23-_jpg.rf.485df264d21b4fdf09bce8914e573e07.jpg</path>
	<source>
		<database>roboflow.com</database>
	</source>
	<size>
		<width>640</width>
		<height>640</height>
		<depth>3</depth>
	</size>
	<segmented>0</segmented>
	<object>
		<name>cut</name>
		<pose>Unspecified</pose>
		<truncated>0</truncated>
		<difficult>0</difficult>
		<occluded>0</occluded>
		<bndbox>
			<xmin>385</xmin>
			<xmax>538</xmax>
			<ymin>129</ymin>
			<ymax>236</ymax>
		</bndbox>
	</object>
</annotation>
