<annotation>
	<folder></folder>
	<filename>cut-49-_jpg.rf.30b5b0a7a2beca17adabc13bd93382f8.jpg</filename>
	<path>cut-49-_jpg.rf.30b5b0a7a2beca17adabc13bd93382f8.jpg</path>
	<source>
		<database>roboflow.com</database>
	</source>
	<size>
		<width>640</width>
		<height>640</height>
		<depth>3</depth>
	</size>
	<segmented>0</segmented>
	<object>
		<name>cut</name>
		<pose>Unspecified</pose>
		<truncated>0</truncated>
		<difficult>0</difficult>
		<occluded>0</occluded>
		<bndbox>
			<xmin>133</xmin>
			<xmax>292</xmax>
			<ymin>13</ymin>
			<ymax>524</ymax>
		</bndbox>
	</object>
</annotation>
