<annotation>
	<folder></folder>
	<filename>cut-4-_jpg.rf.b6120c56aab1cf168195d24dc26eec7c.jpg</filename>
	<path>cut-4-_jpg.rf.b6120c56aab1cf168195d24dc26eec7c.jpg</path>
	<source>
		<database>roboflow.com</database>
	</source>
	<size>
		<width>640</width>
		<height>640</height>
		<depth>3</depth>
	</size>
	<segmented>0</segmented>
	<object>
		<name>cut</name>
		<pose>Unspecified</pose>
		<truncated>0</truncated>
		<difficult>0</difficult>
		<occluded>0</occluded>
		<bndbox>
			<xmin>286</xmin>
			<xmax>421</xmax>
			<ymin>271</ymin>
			<ymax>391</ymax>
		</bndbox>
	</object>
</annotation>
