<annotation>
	<folder></folder>
	<filename>cut-7-_jpg.rf.353997f1731f48352cfd5b145ed92852.jpg</filename>
	<path>cut-7-_jpg.rf.353997f1731f48352cfd5b145ed92852.jpg</path>
	<source>
		<database>roboflow.com</database>
	</source>
	<size>
		<width>640</width>
		<height>640</height>
		<depth>3</depth>
	</size>
	<segmented>0</segmented>
	<object>
		<name>cut</name>
		<pose>Unspecified</pose>
		<truncated>0</truncated>
		<difficult>0</difficult>
		<occluded>0</occluded>
		<bndbox>
			<xmin>86</xmin>
			<xmax>460</xmax>
			<ymin>169</ymin>
			<ymax>362</ymax>
		</bndbox>
	</object>
</annotation>
