<annotation>
	<folder></folder>
	<filename>cut-32-_jpg.rf.8f19f7cafb36d206d488990f58241c08.jpg</filename>
	<path>cut-32-_jpg.rf.8f19f7cafb36d206d488990f58241c08.jpg</path>
	<source>
		<database>roboflow.com</database>
	</source>
	<size>
		<width>640</width>
		<height>640</height>
		<depth>3</depth>
	</size>
	<segmented>0</segmented>
	<object>
		<name>cut</name>
		<pose>Unspecified</pose>
		<truncated>0</truncated>
		<difficult>0</difficult>
		<occluded>0</occluded>
		<bndbox>
			<xmin>181</xmin>
			<xmax>467</xmax>
			<ymin>255</ymin>
			<ymax>342</ymax>
		</bndbox>
	</object>
</annotation>
