<annotation>
	<folder></folder>
	<filename>cut-48-_jpg.rf.8ba879d1d3c40a7d76720132c8d3bfcf.jpg</filename>
	<path>cut-48-_jpg.rf.8ba879d1d3c40a7d76720132c8d3bfcf.jpg</path>
	<source>
		<database>roboflow.com</database>
	</source>
	<size>
		<width>640</width>
		<height>640</height>
		<depth>3</depth>
	</size>
	<segmented>0</segmented>
	<object>
		<name>cut</name>
		<pose>Unspecified</pose>
		<truncated>0</truncated>
		<difficult>0</difficult>
		<occluded>0</occluded>
		<bndbox>
			<xmin>257</xmin>
			<xmax>446</xmax>
			<ymin>144</ymin>
			<ymax>483</ymax>
		</bndbox>
	</object>
</annotation>
