<annotation>
	<folder></folder>
	<filename>cut-21-_jpg.rf.65b7e745b9fd50a20d54ce8cceb8caa6.jpg</filename>
	<path>cut-21-_jpg.rf.65b7e745b9fd50a20d54ce8cceb8caa6.jpg</path>
	<source>
		<database>roboflow.com</database>
	</source>
	<size>
		<width>640</width>
		<height>640</height>
		<depth>3</depth>
	</size>
	<segmented>0</segmented>
	<object>
		<name>cut</name>
		<pose>Unspecified</pose>
		<truncated>0</truncated>
		<difficult>0</difficult>
		<occluded>0</occluded>
		<bndbox>
			<xmin>206</xmin>
			<xmax>447</xmax>
			<ymin>199</ymin>
			<ymax>411</ymax>
		</bndbox>
	</object>
</annotation>
