<annotation>
	<folder></folder>
	<filename>cut-49-_jpg.rf.6ef5011c41a44af6500559f42c50afe5.jpg</filename>
	<path>cut-49-_jpg.rf.6ef5011c41a44af6500559f42c50afe5.jpg</path>
	<source>
		<database>roboflow.com</database>
	</source>
	<size>
		<width>640</width>
		<height>640</height>
		<depth>3</depth>
	</size>
	<segmented>0</segmented>
	<object>
		<name>cut</name>
		<pose>Unspecified</pose>
		<truncated>0</truncated>
		<difficult>0</difficult>
		<occluded>0</occluded>
		<bndbox>
			<xmin>350</xmin>
			<xmax>509</xmax>
			<ymin>13</ymin>
			<ymax>524</ymax>
		</bndbox>
	</object>
</annotation>
