<annotation>
	<folder></folder>
	<filename>cut-33-_jpg.rf.f87b609d8cd9d1bb7652f672e229fc42.jpg</filename>
	<path>cut-33-_jpg.rf.f87b609d8cd9d1bb7652f672e229fc42.jpg</path>
	<source>
		<database>roboflow.com</database>
	</source>
	<size>
		<width>640</width>
		<height>640</height>
		<depth>3</depth>
	</size>
	<segmented>0</segmented>
	<object>
		<name>cut</name>
		<pose>Unspecified</pose>
		<truncated>0</truncated>
		<difficult>0</difficult>
		<occluded>0</occluded>
		<bndbox>
			<xmin>324</xmin>
			<xmax>498</xmax>
			<ymin>247</ymin>
			<ymax>334</ymax>
		</bndbox>
	</object>
</annotation>
