<annotation>
	<folder></folder>
	<filename>cut-16-_jpg.rf.1963085b4df8f4c13561ccce993ac1b3.jpg</filename>
	<path>cut-16-_jpg.rf.1963085b4df8f4c13561ccce993ac1b3.jpg</path>
	<source>
		<database>roboflow.com</database>
	</source>
	<size>
		<width>640</width>
		<height>640</height>
		<depth>3</depth>
	</size>
	<segmented>0</segmented>
	<object>
		<name>cut</name>
		<pose>Unspecified</pose>
		<truncated>0</truncated>
		<difficult>0</difficult>
		<occluded>0</occluded>
		<bndbox>
			<xmin>190</xmin>
			<xmax>331</xmax>
			<ymin>241</ymin>
			<ymax>454</ymax>
		</bndbox>
	</object>
</annotation>
