<annotation>
	<folder></folder>
	<filename>cut-44-_jpg.rf.c796fe7f35b291f267aee0d9988eab5d.jpg</filename>
	<path>cut-44-_jpg.rf.c796fe7f35b291f267aee0d9988eab5d.jpg</path>
	<source>
		<database>roboflow.com</database>
	</source>
	<size>
		<width>640</width>
		<height>640</height>
		<depth>3</depth>
	</size>
	<segmented>0</segmented>
	<object>
		<name>cut</name>
		<pose>Unspecified</pose>
		<truncated>0</truncated>
		<difficult>0</difficult>
		<occluded>0</occluded>
		<bndbox>
			<xmin>93</xmin>
			<xmax>606</xmax>
			<ymin>302</ymin>
			<ymax>467</ymax>
		</bndbox>
	</object>
</annotation>
