<annotation>
	<folder></folder>
	<filename>cut-27-_jpg.rf.9aa598e6647edaaf1c6e04da7660a2d0.jpg</filename>
	<path>cut-27-_jpg.rf.9aa598e6647edaaf1c6e04da7660a2d0.jpg</path>
	<source>
		<database>roboflow.com</database>
	</source>
	<size>
		<width>640</width>
		<height>640</height>
		<depth>3</depth>
	</size>
	<segmented>0</segmented>
	<object>
		<name>cut</name>
		<pose>Unspecified</pose>
		<truncated>0</truncated>
		<difficult>0</difficult>
		<occluded>0</occluded>
		<bndbox>
			<xmin>234</xmin>
			<xmax>353</xmax>
			<ymin>221</ymin>
			<ymax>301</ymax>
		</bndbox>
	</object>
</annotation>
