<annotation>
	<folder></folder>
	<filename>cut-38-_jpg.rf.9f533f24061b8de8889849acd50dbd7f.jpg</filename>
	<path>cut-38-_jpg.rf.9f533f24061b8de8889849acd50dbd7f.jpg</path>
	<source>
		<database>roboflow.com</database>
	</source>
	<size>
		<width>640</width>
		<height>640</height>
		<depth>3</depth>
	</size>
	<segmented>0</segmented>
	<object>
		<name>cut</name>
		<pose>Unspecified</pose>
		<truncated>0</truncated>
		<difficult>0</difficult>
		<occluded>0</occluded>
		<bndbox>
			<xmin>187</xmin>
			<xmax>507</xmax>
			<ymin>244</ymin>
			<ymax>440</ymax>
		</bndbox>
	</object>
</annotation>
