<annotation>
	<folder></folder>
	<filename>cut-35-_jpg.rf.5c0b32b02c573613253ca0c6b26c959a.jpg</filename>
	<path>cut-35-_jpg.rf.5c0b32b02c573613253ca0c6b26c959a.jpg</path>
	<source>
		<database>roboflow.com</database>
	</source>
	<size>
		<width>640</width>
		<height>640</height>
		<depth>3</depth>
	</size>
	<segmented>0</segmented>
	<object>
		<name>cut</name>
		<pose>Unspecified</pose>
		<truncated>0</truncated>
		<difficult>0</difficult>
		<occluded>0</occluded>
		<bndbox>
			<xmin>198</xmin>
			<xmax>372</xmax>
			<ymin>37</ymin>
			<ymax>596</ymax>
		</bndbox>
	</object>
</annotation>
