<annotation>
	<folder></folder>
	<filename>cut-36-_jpg.rf.c4b60862d2620c6e3adfecfc86b077cd.jpg</filename>
	<path>cut-36-_jpg.rf.c4b60862d2620c6e3adfecfc86b077cd.jpg</path>
	<source>
		<database>roboflow.com</database>
	</source>
	<size>
		<width>640</width>
		<height>640</height>
		<depth>3</depth>
	</size>
	<segmented>0</segmented>
	<object>
		<name>cut</name>
		<pose>Unspecified</pose>
		<truncated>0</truncated>
		<difficult>0</difficult>
		<occluded>0</occluded>
		<bndbox>
			<xmin>269</xmin>
			<xmax>479</xmax>
			<ymin>234</ymin>
			<ymax>493</ymax>
		</bndbox>
	</object>
</annotation>
