<annotation>
	<folder></folder>
	<filename>cut-42-_jpg.rf.c537469301dee977530edfb261729ffd.jpg</filename>
	<path>cut-42-_jpg.rf.c537469301dee977530edfb261729ffd.jpg</path>
	<source>
		<database>roboflow.com</database>
	</source>
	<size>
		<width>640</width>
		<height>640</height>
		<depth>3</depth>
	</size>
	<segmented>0</segmented>
	<object>
		<name>cut</name>
		<pose>Unspecified</pose>
		<truncated>0</truncated>
		<difficult>0</difficult>
		<occluded>0</occluded>
		<bndbox>
			<xmin>280</xmin>
			<xmax>589</xmax>
			<ymin>233</ymin>
			<ymax>476</ymax>
		</bndbox>
	</object>
</annotation>
