<annotation>
	<folder></folder>
	<filename>cut-39-_jpg.rf.34344d389adf3c19078c05fc683b7793.jpg</filename>
	<path>cut-39-_jpg.rf.34344d389adf3c19078c05fc683b7793.jpg</path>
	<source>
		<database>roboflow.com</database>
	</source>
	<size>
		<width>640</width>
		<height>640</height>
		<depth>3</depth>
	</size>
	<segmented>0</segmented>
	<object>
		<name>cut</name>
		<pose>Unspecified</pose>
		<truncated>0</truncated>
		<difficult>0</difficult>
		<occluded>0</occluded>
		<bndbox>
			<xmin>279</xmin>
			<xmax>477</xmax>
			<ymin>323</ymin>
			<ymax>418</ymax>
		</bndbox>
	</object>
</annotation>
