<annotation>
	<folder></folder>
	<filename>cut-1-_jpg.rf.c0b75b83c558bb56d97c8473a7cf3d86.jpg</filename>
	<path>cut-1-_jpg.rf.c0b75b83c558bb56d97c8473a7cf3d86.jpg</path>
	<source>
		<database>roboflow.com</database>
	</source>
	<size>
		<width>640</width>
		<height>640</height>
		<depth>3</depth>
	</size>
	<segmented>0</segmented>
	<object>
		<name>cut</name>
		<pose>Unspecified</pose>
		<truncated>0</truncated>
		<difficult>0</difficult>
		<occluded>0</occluded>
		<bndbox>
			<xmin>174</xmin>
			<xmax>458</xmax>
			<ymin>92</ymin>
			<ymax>249</ymax>
		</bndbox>
	</object>
</annotation>
