<annotation>
	<folder></folder>
	<filename>cut-30-_jpg.rf.81d72073ad49e9bdf48e9283a306123d.jpg</filename>
	<path>cut-30-_jpg.rf.81d72073ad49e9bdf48e9283a306123d.jpg</path>
	<source>
		<database>roboflow.com</database>
	</source>
	<size>
		<width>640</width>
		<height>640</height>
		<depth>3</depth>
	</size>
	<segmented>0</segmented>
	<object>
		<name>cut</name>
		<pose>Unspecified</pose>
		<truncated>0</truncated>
		<difficult>0</difficult>
		<occluded>0</occluded>
		<bndbox>
			<xmin>143</xmin>
			<xmax>481</xmax>
			<ymin>136</ymin>
			<ymax>331</ymax>
		</bndbox>
	</object>
</annotation>
