<annotation>
	<folder></folder>
	<filename>cut-31-_jpg.rf.5e0c0d552ad2653ec6747284f317eedc.jpg</filename>
	<path>cut-31-_jpg.rf.5e0c0d552ad2653ec6747284f317eedc.jpg</path>
	<source>
		<database>roboflow.com</database>
	</source>
	<size>
		<width>640</width>
		<height>640</height>
		<depth>3</depth>
	</size>
	<segmented>0</segmented>
	<object>
		<name>cut</name>
		<pose>Unspecified</pose>
		<truncated>0</truncated>
		<difficult>0</difficult>
		<occluded>0</occluded>
		<bndbox>
			<xmin>292</xmin>
			<xmax>440</xmax>
			<ymin>161</ymin>
			<ymax>410</ymax>
		</bndbox>
	</object>
</annotation>
