<annotation>
	<folder></folder>
	<filename>cut-29-_jpg.rf.4048712eaf84efe57bf5d3146bd3d6a7.jpg</filename>
	<path>cut-29-_jpg.rf.4048712eaf84efe57bf5d3146bd3d6a7.jpg</path>
	<source>
		<database>roboflow.com</database>
	</source>
	<size>
		<width>640</width>
		<height>640</height>
		<depth>3</depth>
	</size>
	<segmented>0</segmented>
	<object>
		<name>cut</name>
		<pose>Unspecified</pose>
		<truncated>0</truncated>
		<difficult>0</difficult>
		<occluded>0</occluded>
		<bndbox>
			<xmin>97</xmin>
			<xmax>510</xmax>
			<ymin>146</ymin>
			<ymax>544</ymax>
		</bndbox>
	</object>
</annotation>
