<annotation>
	<folder></folder>
	<filename>cut-17-_jpg.rf.77c265b6cf4e5575f00a5e8fae2ba837.jpg</filename>
	<path>cut-17-_jpg.rf.77c265b6cf4e5575f00a5e8fae2ba837.jpg</path>
	<source>
		<database>roboflow.com</database>
	</source>
	<size>
		<width>640</width>
		<height>640</height>
		<depth>3</depth>
	</size>
	<segmented>0</segmented>
	<object>
		<name>cut</name>
		<pose>Unspecified</pose>
		<truncated>0</truncated>
		<difficult>0</difficult>
		<occluded>0</occluded>
		<bndbox>
			<xmin>351</xmin>
			<xmax>619</xmax>
			<ymin>37</ymin>
			<ymax>326</ymax>
		</bndbox>
	</object>
</annotation>
