<annotation>
	<folder></folder>
	<filename>cut-28-_jpg.rf.2407e0d5e58d12e9dfabd5d7fbf9471d.jpg</filename>
	<path>cut-28-_jpg.rf.2407e0d5e58d12e9dfabd5d7fbf9471d.jpg</path>
	<source>
		<database>roboflow.com</database>
	</source>
	<size>
		<width>640</width>
		<height>640</height>
		<depth>3</depth>
	</size>
	<segmented>0</segmented>
	<object>
		<name>cut</name>
		<pose>Unspecified</pose>
		<truncated>0</truncated>
		<difficult>0</difficult>
		<occluded>0</occluded>
		<bndbox>
			<xmin>291</xmin>
			<xmax>435</xmax>
			<ymin>217</ymin>
			<ymax>404</ymax>
		</bndbox>
	</object>
</annotation>
