<annotation>
	<folder></folder>
	<filename>cut-48-_jpg.rf.f09eeadb59c7b4212f606e89703785e0.jpg</filename>
	<path>cut-48-_jpg.rf.f09eeadb59c7b4212f606e89703785e0.jpg</path>
	<source>
		<database>roboflow.com</database>
	</source>
	<size>
		<width>640</width>
		<height>640</height>
		<depth>3</depth>
	</size>
	<segmented>0</segmented>
	<object>
		<name>cut</name>
		<pose>Unspecified</pose>
		<truncated>0</truncated>
		<difficult>0</difficult>
		<occluded>0</occluded>
		<bndbox>
			<xmin>159</xmin>
			<xmax>498</xmax>
			<ymin>257</ymin>
			<ymax>446</ymax>
		</bndbox>
	</object>
</annotation>
