<annotation>
	<folder></folder>
	<filename>cut-37-_jpg.rf.26bbf9ebe346d856bdc3545b75cc14f7.jpg</filename>
	<path>cut-37-_jpg.rf.26bbf9ebe346d856bdc3545b75cc14f7.jpg</path>
	<source>
		<database>roboflow.com</database>
	</source>
	<size>
		<width>640</width>
		<height>640</height>
		<depth>3</depth>
	</size>
	<segmented>0</segmented>
	<object>
		<name>cut</name>
		<pose>Unspecified</pose>
		<truncated>0</truncated>
		<difficult>0</difficult>
		<occluded>0</occluded>
		<bndbox>
			<xmin>281</xmin>
			<xmax>405</xmax>
			<ymin>57</ymin>
			<ymax>614</ymax>
		</bndbox>
	</object>
</annotation>
