<annotation>
	<folder></folder>
	<filename>cut-41-_jpg.rf.1d0b74f9c24813e5572354a1b579d6e0.jpg</filename>
	<path>cut-41-_jpg.rf.1d0b74f9c24813e5572354a1b579d6e0.jpg</path>
	<source>
		<database>roboflow.com</database>
	</source>
	<size>
		<width>640</width>
		<height>640</height>
		<depth>3</depth>
	</size>
	<segmented>0</segmented>
	<object>
		<name>cut</name>
		<pose>Unspecified</pose>
		<truncated>0</truncated>
		<difficult>0</difficult>
		<occluded>0</occluded>
		<bndbox>
			<xmin>222</xmin>
			<xmax>307</xmax>
			<ymin>262</ymin>
			<ymax>451</ymax>
		</bndbox>
	</object>
</annotation>
