<annotation>
	<folder></folder>
	<filename>cut-45-_jpg.rf.0797c5cb6e78803b5d3f7f77f02fb611.jpg</filename>
	<path>cut-45-_jpg.rf.0797c5cb6e78803b5d3f7f77f02fb611.jpg</path>
	<source>
		<database>roboflow.com</database>
	</source>
	<size>
		<width>640</width>
		<height>640</height>
		<depth>3</depth>
	</size>
	<segmented>0</segmented>
	<object>
		<name>cut</name>
		<pose>Unspecified</pose>
		<truncated>0</truncated>
		<difficult>0</difficult>
		<occluded>0</occluded>
		<bndbox>
			<xmin>240</xmin>
			<xmax>465</xmax>
			<ymin>313</ymin>
			<ymax>405</ymax>
		</bndbox>
	</object>
</annotation>
