<annotation>
	<folder></folder>
	<filename>cut-4-_jpg.rf.6324a7e6c3d968a62838499f62ded06c.jpg</filename>
	<path>cut-4-_jpg.rf.6324a7e6c3d968a62838499f62ded06c.jpg</path>
	<source>
		<database>roboflow.com</database>
	</source>
	<size>
		<width>640</width>
		<height>640</height>
		<depth>3</depth>
	</size>
	<segmented>0</segmented>
	<object>
		<name>cut</name>
		<pose>Unspecified</pose>
		<truncated>0</truncated>
		<difficult>0</difficult>
		<occluded>0</occluded>
		<bndbox>
			<xmin>271</xmin>
			<xmax>391</xmax>
			<ymin>221</ymin>
			<ymax>356</ymax>
		</bndbox>
	</object>
</annotation>
