<annotation>
	<folder></folder>
	<filename>cut-35-_jpg.rf.9bc3bd160b066f4f316cea6293ce0ccd.jpg</filename>
	<path>cut-35-_jpg.rf.9bc3bd160b066f4f316cea6293ce0ccd.jpg</path>
	<source>
		<database>roboflow.com</database>
	</source>
	<size>
		<width>640</width>
		<height>640</height>
		<depth>3</depth>
	</size>
	<segmented>0</segmented>
	<object>
		<name>cut</name>
		<pose>Unspecified</pose>
		<truncated>0</truncated>
		<difficult>0</difficult>
		<occluded>0</occluded>
		<bndbox>
			<xmin>46</xmin>
			<xmax>605</xmax>
			<ymin>198</ymin>
			<ymax>372</ymax>
		</bndbox>
	</object>
</annotation>
