<annotation>
	<folder></folder>
	<filename>cut-44-_jpg.rf.045573c5142ea0e0dbd591597186b016.jpg</filename>
	<path>cut-44-_jpg.rf.045573c5142ea0e0dbd591597186b016.jpg</path>
	<source>
		<database>roboflow.com</database>
	</source>
	<size>
		<width>640</width>
		<height>640</height>
		<depth>3</depth>
	</size>
	<segmented>0</segmented>
	<object>
		<name>cut</name>
		<pose>Unspecified</pose>
		<truncated>0</truncated>
		<difficult>0</difficult>
		<occluded>0</occluded>
		<bndbox>
			<xmin>302</xmin>
			<xmax>467</xmax>
			<ymin>93</ymin>
			<ymax>606</ymax>
		</bndbox>
	</object>
</annotation>
