<annotation>
	<folder></folder>
	<filename>cut-11-_jpg.rf.29bf92cb04a8ab4bb2c1194ad381104e.jpg</filename>
	<path>cut-11-_jpg.rf.29bf92cb04a8ab4bb2c1194ad381104e.jpg</path>
	<source>
		<database>roboflow.com</database>
	</source>
	<size>
		<width>640</width>
		<height>640</height>
		<depth>3</depth>
	</size>
	<segmented>0</segmented>
	<object>
		<name>cut</name>
		<pose>Unspecified</pose>
		<truncated>0</truncated>
		<difficult>0</difficult>
		<occluded>0</occluded>
		<bndbox>
			<xmin>250</xmin>
			<xmax>305</xmax>
			<ymin>242</ymin>
			<ymax>350</ymax>
		</bndbox>
	</object>
</annotation>
