<annotation>
	<folder></folder>
	<filename>cut-50-_jpg.rf.8e788ffeb7bb9b435846d9f557679acd.jpg</filename>
	<path>cut-50-_jpg.rf.8e788ffeb7bb9b435846d9f557679acd.jpg</path>
	<source>
		<database>roboflow.com</database>
	</source>
	<size>
		<width>640</width>
		<height>640</height>
		<depth>3</depth>
	</size>
	<segmented>0</segmented>
	<object>
		<name>cut</name>
		<pose>Unspecified</pose>
		<truncated>0</truncated>
		<difficult>0</difficult>
		<occluded>0</occluded>
		<bndbox>
			<xmin>346</xmin>
			<xmax>520</xmax>
			<ymin>304</ymin>
			<ymax>589</ymax>
		</bndbox>
	</object>
</annotation>
