<annotation>
	<folder></folder>
	<filename>cut-46-_jpg.rf.5fd79d97738a7cec4c5486e0f06d892e.jpg</filename>
	<path>cut-46-_jpg.rf.5fd79d97738a7cec4c5486e0f06d892e.jpg</path>
	<source>
		<database>roboflow.com</database>
	</source>
	<size>
		<width>640</width>
		<height>640</height>
		<depth>3</depth>
	</size>
	<segmented>0</segmented>
	<object>
		<name>cut</name>
		<pose>Unspecified</pose>
		<truncated>0</truncated>
		<difficult>0</difficult>
		<occluded>0</occluded>
		<bndbox>
			<xmin>184</xmin>
			<xmax>409</xmax>
			<ymin>141</ymin>
			<ymax>514</ymax>
		</bndbox>
	</object>
</annotation>
