<annotation>
	<folder></folder>
	<filename>cut-38-_jpg.rf.9423def676c111231e673f6a21c92695.jpg</filename>
	<path>cut-38-_jpg.rf.9423def676c111231e673f6a21c92695.jpg</path>
	<source>
		<database>roboflow.com</database>
	</source>
	<size>
		<width>640</width>
		<height>640</height>
		<depth>3</depth>
	</size>
	<segmented>0</segmented>
	<object>
		<name>cut</name>
		<pose>Unspecified</pose>
		<truncated>0</truncated>
		<difficult>0</difficult>
		<occluded>0</occluded>
		<bndbox>
			<xmin>244</xmin>
			<xmax>440</xmax>
			<ymin>135</ymin>
			<ymax>455</ymax>
		</bndbox>
	</object>
</annotation>
