<annotation>
	<folder></folder>
	<filename>cut-43-_jpg.rf.d5e3fa0fd082960c5f94f237914aa822.jpg</filename>
	<path>cut-43-_jpg.rf.d5e3fa0fd082960c5f94f237914aa822.jpg</path>
	<source>
		<database>roboflow.com</database>
	</source>
	<size>
		<width>640</width>
		<height>640</height>
		<depth>3</depth>
	</size>
	<segmented>0</segmented>
	<object>
		<name>cut</name>
		<pose>Unspecified</pose>
		<truncated>0</truncated>
		<difficult>0</difficult>
		<occluded>0</occluded>
		<bndbox>
			<xmin>165</xmin>
			<xmax>225</xmax>
			<ymin>121</ymin>
			<ymax>323</ymax>
		</bndbox>
	</object>
	<object>
		<name>cut</name>
		<pose>Unspecified</pose>
		<truncated>0</truncated>
		<difficult>0</difficult>
		<occluded>0</occluded>
		<bndbox>
			<xmin>251</xmin>
			<xmax>386</xmax>
			<ymin>144</ymin>
			<ymax>346</ymax>
		</bndbox>
	</object>
</annotation>
