<annotation>
	<folder></folder>
	<filename>cut-40-_jpg.rf.4efba7bf2759686e1aae9d7642e343de.jpg</filename>
	<path>cut-40-_jpg.rf.4efba7bf2759686e1aae9d7642e343de.jpg</path>
	<source>
		<database>roboflow.com</database>
	</source>
	<size>
		<width>640</width>
		<height>640</height>
		<depth>3</depth>
	</size>
	<segmented>0</segmented>
	<object>
		<name>cut</name>
		<pose>Unspecified</pose>
		<truncated>0</truncated>
		<difficult>0</difficult>
		<occluded>0</occluded>
		<bndbox>
			<xmin>196</xmin>
			<xmax>345</xmax>
			<ymin>188</ymin>
			<ymax>372</ymax>
		</bndbox>
	</object>
</annotation>
