<annotation>
	<folder></folder>
	<filename>cut-1-_jpg.rf.4cf6788d2c6a08cdd781a4c62eb0f695.jpg</filename>
	<path>cut-1-_jpg.rf.4cf6788d2c6a08cdd781a4c62eb0f695.jpg</path>
	<source>
		<database>roboflow.com</database>
	</source>
	<size>
		<width>640</width>
		<height>640</height>
		<depth>3</depth>
	</size>
	<segmented>0</segmented>
	<object>
		<name>cut</name>
		<pose>Unspecified</pose>
		<truncated>0</truncated>
		<difficult>0</difficult>
		<occluded>0</occluded>
		<bndbox>
			<xmin>184</xmin>
			<xmax>468</xmax>
			<ymin>92</ymin>
			<ymax>249</ymax>
		</bndbox>
	</object>
</annotation>
