<annotation>
	<folder></folder>
	<filename>cut-24-_jpg.rf.c28be83c674131cad0eff61e1ed2fc9d.jpg</filename>
	<path>cut-24-_jpg.rf.c28be83c674131cad0eff61e1ed2fc9d.jpg</path>
	<source>
		<database>roboflow.com</database>
	</source>
	<size>
		<width>640</width>
		<height>640</height>
		<depth>3</depth>
	</size>
	<segmented>0</segmented>
	<object>
		<name>cut</name>
		<pose>Unspecified</pose>
		<truncated>0</truncated>
		<difficult>0</difficult>
		<occluded>0</occluded>
		<bndbox>
			<xmin>203</xmin>
			<xmax>341</xmax>
			<ymin>439</ymin>
			<ymax>552</ymax>
		</bndbox>
	</object>
</annotation>
