<annotation>
	<folder></folder>
	<filename>cut-2-_jpg.rf.13bd4cc8dea8c13666e0b975e7786395.jpg</filename>
	<path>cut-2-_jpg.rf.13bd4cc8dea8c13666e0b975e7786395.jpg</path>
	<source>
		<database>roboflow.com</database>
	</source>
	<size>
		<width>640</width>
		<height>640</height>
		<depth>3</depth>
	</size>
	<segmented>0</segmented>
	<object>
		<name>cut</name>
		<pose>Unspecified</pose>
		<truncated>0</truncated>
		<difficult>0</difficult>
		<occluded>0</occluded>
		<bndbox>
			<xmin>161</xmin>
			<xmax>570</xmax>
			<ymin>84</ymin>
			<ymax>531</ymax>
		</bndbox>
	</object>
</annotation>
