<annotation>
	<folder></folder>
	<filename>cut-7-_jpg.rf.0218bcea04fc4561b638ea5896ef0bee.jpg</filename>
	<path>cut-7-_jpg.rf.0218bcea04fc4561b638ea5896ef0bee.jpg</path>
	<source>
		<database>roboflow.com</database>
	</source>
	<size>
		<width>640</width>
		<height>640</height>
		<depth>3</depth>
	</size>
	<segmented>0</segmented>
	<object>
		<name>cut</name>
		<pose>Unspecified</pose>
		<truncated>0</truncated>
		<difficult>0</difficult>
		<occluded>0</occluded>
		<bndbox>
			<xmin>169</xmin>
			<xmax>362</xmax>
			<ymin>182</ymin>
			<ymax>556</ymax>
		</bndbox>
	</object>
</annotation>
