<annotation>
	<folder></folder>
	<filename>cut-47-_jpg.rf.e38273bd8790c7a7f2a3943fd854909e.jpg</filename>
	<path>cut-47-_jpg.rf.e38273bd8790c7a7f2a3943fd854909e.jpg</path>
	<source>
		<database>roboflow.com</database>
	</source>
	<size>
		<width>640</width>
		<height>640</height>
		<depth>3</depth>
	</size>
	<segmented>0</segmented>
	<object>
		<name>cut</name>
		<pose>Unspecified</pose>
		<truncated>0</truncated>
		<difficult>0</difficult>
		<occluded>0</occluded>
		<bndbox>
			<xmin>276</xmin>
			<xmax>448</xmax>
			<ymin>244</ymin>
			<ymax>356</ymax>
		</bndbox>
	</object>
</annotation>
