<annotation>
	<folder></folder>
	<filename>cut-2-_jpg.rf.3dc1cbdddb3373910e67c521fe051148.jpg</filename>
	<path>cut-2-_jpg.rf.3dc1cbdddb3373910e67c521fe051148.jpg</path>
	<source>
		<database>roboflow.com</database>
	</source>
	<size>
		<width>640</width>
		<height>640</height>
		<depth>3</depth>
	</size>
	<segmented>0</segmented>
	<object>
		<name>cut</name>
		<pose>Unspecified</pose>
		<truncated>0</truncated>
		<difficult>0</difficult>
		<occluded>0</occluded>
		<bndbox>
			<xmin>111</xmin>
			<xmax>558</xmax>
			<ymin>72</ymin>
			<ymax>481</ymax>
		</bndbox>
	</object>
</annotation>
