<annotation>
	<folder></folder>
	<filename>cut-10-_jpg.rf.b2898d2b7f08f4a83cb6d87438eb2c46.jpg</filename>
	<path>cut-10-_jpg.rf.b2898d2b7f08f4a83cb6d87438eb2c46.jpg</path>
	<source>
		<database>roboflow.com</database>
	</source>
	<size>
		<width>640</width>
		<height>640</height>
		<depth>3</depth>
	</size>
	<segmented>0</segmented>
	<object>
		<name>cut</name>
		<pose>Unspecified</pose>
		<truncated>0</truncated>
		<difficult>0</difficult>
		<occluded>0</occluded>
		<bndbox>
			<xmin>210</xmin>
			<xmax>395</xmax>
			<ymin>347</ymin>
			<ymax>603</ymax>
		</bndbox>
	</object>
</annotation>
