<annotation>
	<folder></folder>
	<filename>cut-37-_jpg.rf.ad9036a47e103c3e214ce473e9ec8f7f.jpg</filename>
	<path>cut-37-_jpg.rf.ad9036a47e103c3e214ce473e9ec8f7f.jpg</path>
	<source>
		<database>roboflow.com</database>
	</source>
	<size>
		<width>640</width>
		<height>640</height>
		<depth>3</depth>
	</size>
	<segmented>0</segmented>
	<object>
		<name>cut</name>
		<pose>Unspecified</pose>
		<truncated>0</truncated>
		<difficult>0</difficult>
		<occluded>0</occluded>
		<bndbox>
			<xmin>57</xmin>
			<xmax>614</xmax>
			<ymin>237</ymin>
			<ymax>361</ymax>
		</bndbox>
	</object>
</annotation>
