<annotation>
	<folder></folder>
	<filename>cut-33-_jpg.rf.cd2b8829d1c220dd98b25755deca35e3.jpg</filename>
	<path>cut-33-_jpg.rf.cd2b8829d1c220dd98b25755deca35e3.jpg</path>
	<source>
		<database>roboflow.com</database>
	</source>
	<size>
		<width>640</width>
		<height>640</height>
		<depth>3</depth>
	</size>
	<segmented>0</segmented>
	<object>
		<name>cut</name>
		<pose>Unspecified</pose>
		<truncated>0</truncated>
		<difficult>0</difficult>
		<occluded>0</occluded>
		<bndbox>
			<xmin>308</xmin>
			<xmax>395</xmax>
			<ymin>144</ymin>
			<ymax>318</ymax>
		</bndbox>
	</object>
</annotation>
