<annotation>
	<folder></folder>
	<filename>cut-30-_jpg.rf.f4092f0613e7ddec73f42a2c2f495dca.jpg</filename>
	<path>cut-30-_jpg.rf.f4092f0613e7ddec73f42a2c2f495dca.jpg</path>
	<source>
		<database>roboflow.com</database>
	</source>
	<size>
		<width>640</width>
		<height>640</height>
		<depth>3</depth>
	</size>
	<segmented>0</segmented>
	<object>
		<name>cut</name>
		<pose>Unspecified</pose>
		<truncated>0</truncated>
		<difficult>0</difficult>
		<occluded>0</occluded>
		<bndbox>
			<xmin>311</xmin>
			<xmax>506</xmax>
			<ymin>143</ymin>
			<ymax>481</ymax>
		</bndbox>
	</object>
</annotation>
