<annotation>
	<folder></folder>
	<filename>cut-33-_jpg.rf.8ea744c6891b4100f9d6a3491a2fbc37.jpg</filename>
	<path>cut-33-_jpg.rf.8ea744c6891b4100f9d6a3491a2fbc37.jpg</path>
	<source>
		<database>roboflow.com</database>
	</source>
	<size>
		<width>640</width>
		<height>640</height>
		<depth>3</depth>
	</size>
	<segmented>0</segmented>
	<object>
		<name>cut</name>
		<pose>Unspecified</pose>
		<truncated>0</truncated>
		<difficult>0</difficult>
		<occluded>0</occluded>
		<bndbox>
			<xmin>144</xmin>
			<xmax>318</xmax>
			<ymin>308</ymin>
			<ymax>395</ymax>
		</bndbox>
	</object>
</annotation>
