<annotation>
	<folder></folder>
	<filename>cut-15-_jpg.rf.313b137269ac40479f0a548f81b5edae.jpg</filename>
	<path>cut-15-_jpg.rf.313b137269ac40479f0a548f81b5edae.jpg</path>
	<source>
		<database>roboflow.com</database>
	</source>
	<size>
		<width>640</width>
		<height>640</height>
		<depth>3</depth>
	</size>
	<segmented>0</segmented>
	<object>
		<name>cut</name>
		<pose>Unspecified</pose>
		<truncated>0</truncated>
		<difficult>0</difficult>
		<occluded>0</occluded>
		<bndbox>
			<xmin>59</xmin>
			<xmax>564</xmax>
			<ymin>85</ymin>
			<ymax>504</ymax>
		</bndbox>
	</object>
</annotation>
