<annotation>
	<folder></folder>
	<filename>cut-15-_jpg.rf.631ab07e389588659b0c58d16f631e66.jpg</filename>
	<path>cut-15-_jpg.rf.631ab07e389588659b0c58d16f631e66.jpg</path>
	<source>
		<database>roboflow.com</database>
	</source>
	<size>
		<width>640</width>
		<height>640</height>
		<depth>3</depth>
	</size>
	<segmented>0</segmented>
	<object>
		<name>cut</name>
		<pose>Unspecified</pose>
		<truncated>0</truncated>
		<difficult>0</difficult>
		<occluded>0</occluded>
		<bndbox>
			<xmin>138</xmin>
			<xmax>557</xmax>
			<ymin>59</ymin>
			<ymax>564</ymax>
		</bndbox>
	</object>
</annotation>
