<annotation>
	<folder></folder>
	<filename>cut-24-_jpg.rf.f64a1c5a2474041b8db6d7e130aaaa40.jpg</filename>
	<path>cut-24-_jpg.rf.f64a1c5a2474041b8db6d7e130aaaa40.jpg</path>
	<source>
		<database>roboflow.com</database>
	</source>
	<size>
		<width>640</width>
		<height>640</height>
		<depth>3</depth>
	</size>
	<segmented>0</segmented>
	<object>
		<name>cut</name>
		<pose>Unspecified</pose>
		<truncated>0</truncated>
		<difficult>0</difficult>
		<occluded>0</occluded>
		<bndbox>
			<xmin>439</xmin>
			<xmax>552</xmax>
			<ymin>301</ymin>
			<ymax>439</ymax>
		</bndbox>
	</object>
</annotation>
