<annotation>
	<folder></folder>
	<filename>cut-22-_jpg.rf.fc2e71eb2d89562bf9b7a98d1bb94032.jpg</filename>
	<path>cut-22-_jpg.rf.fc2e71eb2d89562bf9b7a98d1bb94032.jpg</path>
	<source>
		<database>roboflow.com</database>
	</source>
	<size>
		<width>640</width>
		<height>640</height>
		<depth>3</depth>
	</size>
	<segmented>0</segmented>
	<object>
		<name>cut</name>
		<pose>Unspecified</pose>
		<truncated>0</truncated>
		<difficult>0</difficult>
		<occluded>0</occluded>
		<bndbox>
			<xmin>280</xmin>
			<xmax>385</xmax>
			<ymin>241</ymin>
			<ymax>375</ymax>
		</bndbox>
	</object>
</annotation>
