<annotation>
	<folder></folder>
	<filename>cut-34-_jpg.rf.fae5ed7b1a47b12fdf567ac4fbd0a3e2.jpg</filename>
	<path>cut-34-_jpg.rf.fae5ed7b1a47b12fdf567ac4fbd0a3e2.jpg</path>
	<source>
		<database>roboflow.com</database>
	</source>
	<size>
		<width>640</width>
		<height>640</height>
		<depth>3</depth>
	</size>
	<segmented>0</segmented>
	<object>
		<name>cut</name>
		<pose>Unspecified</pose>
		<truncated>0</truncated>
		<difficult>0</difficult>
		<occluded>0</occluded>
		<bndbox>
			<xmin>309</xmin>
			<xmax>482</xmax>
			<ymin>190</ymin>
			<ymax>363</ymax>
		</bndbox>
	</object>
</annotation>
