<annotation>
	<folder></folder>
	<filename>cut-26-_jpg.rf.8f5d33c737c9baf6cfda7da097be8ec6.jpg</filename>
	<path>cut-26-_jpg.rf.8f5d33c737c9baf6cfda7da097be8ec6.jpg</path>
	<source>
		<database>roboflow.com</database>
	</source>
	<size>
		<width>640</width>
		<height>640</height>
		<depth>3</depth>
	</size>
	<segmented>0</segmented>
	<object>
		<name>cut</name>
		<pose>Unspecified</pose>
		<truncated>0</truncated>
		<difficult>0</difficult>
		<occluded>0</occluded>
		<bndbox>
			<xmin>160</xmin>
			<xmax>520</xmax>
			<ymin>194</ymin>
			<ymax>458</ymax>
		</bndbox>
	</object>
</annotation>
