<annotation>
	<folder></folder>
	<filename>cut-6-_jpg.rf.57d2ed9431d900637312cddc8f9d301f.jpg</filename>
	<path>cut-6-_jpg.rf.57d2ed9431d900637312cddc8f9d301f.jpg</path>
	<source>
		<database>roboflow.com</database>
	</source>
	<size>
		<width>640</width>
		<height>640</height>
		<depth>3</depth>
	</size>
	<segmented>0</segmented>
	<object>
		<name>cut</name>
		<pose>Unspecified</pose>
		<truncated>0</truncated>
		<difficult>0</difficult>
		<occluded>0</occluded>
		<bndbox>
			<xmin>278</xmin>
			<xmax>436</xmax>
			<ymin>165</ymin>
			<ymax>362</ymax>
		</bndbox>
	</object>
</annotation>
