<annotation>
	<folder></folder>
	<filename>stab_wound-5-_jpg.rf.fe2e0323414460850ec6f6bdbfed7001.jpg</filename>
	<path>stab_wound-5-_jpg.rf.fe2e0323414460850ec6f6bdbfed7001.jpg</path>
	<source>
		<database>roboflow.com</database>
	</source>
	<size>
		<width>640</width>
		<height>640</height>
		<depth>3</depth>
	</size>
	<segmented>0</segmented>
	<object>
		<name>stab</name>
		<pose>Unspecified</pose>
		<truncated>0</truncated>
		<difficult>0</difficult>
		<occluded>0</occluded>
		<bndbox>
			<xmin>54</xmin>
			<xmax>435</xmax>
			<ymin>154</ymin>
			<ymax>450</ymax>
		</bndbox>
	</object>
</annotation>
