<annotation>
	<folder></folder>
	<filename>stab_wound-9-_jpg.rf.a690ce326554d1c908b568299fd62a08.jpg</filename>
	<path>stab_wound-9-_jpg.rf.a690ce326554d1c908b568299fd62a08.jpg</path>
	<source>
		<database>roboflow.com</database>
	</source>
	<size>
		<width>640</width>
		<height>640</height>
		<depth>3</depth>
	</size>
	<segmented>0</segmented>
	<object>
		<name>stab</name>
		<pose>Unspecified</pose>
		<truncated>0</truncated>
		<difficult>0</difficult>
		<occluded>0</occluded>
		<bndbox>
			<xmin>425</xmin>
			<xmax>510</xmax>
			<ymin>291</ymin>
			<ymax>363</ymax>
		</bndbox>
	</object>
</annotation>
