<annotation>
	<folder></folder>
	<filename>stab_wound-13-_jpg.rf.df88cf975735d5fc15f26304374487fc.jpg</filename>
	<path>stab_wound-13-_jpg.rf.df88cf975735d5fc15f26304374487fc.jpg</path>
	<source>
		<database>roboflow.com</database>
	</source>
	<size>
		<width>640</width>
		<height>640</height>
		<depth>3</depth>
	</size>
	<segmented>0</segmented>
	<object>
		<name>stab</name>
		<pose>Unspecified</pose>
		<truncated>0</truncated>
		<difficult>0</difficult>
		<occluded>0</occluded>
		<bndbox>
			<xmin>134</xmin>
			<xmax>266</xmax>
			<ymin>397</ymin>
			<ymax>496</ymax>
		</bndbox>
	</object>
	<object>
		<name>stab</name>
		<pose>Unspecified</pose>
		<truncated>0</truncated>
		<difficult>0</difficult>
		<occluded>0</occluded>
		<bndbox>
			<xmin>366</xmin>
			<xmax>452</xmax>
			<ymin>199</ymin>
			<ymax>280</ymax>
		</bndbox>
	</object>
	<object>
		<name>stab</name>
		<pose>Unspecified</pose>
		<truncated>0</truncated>
		<difficult>0</difficult>
		<occluded>0</occluded>
		<bndbox>
			<xmin>338</xmin>
			<xmax>432</xmax>
			<ymin>399</ymin>
			<ymax>473</ymax>
		</bndbox>
	</object>
</annotation>
