<annotation>
	<folder></folder>
	<filename>stab_wound-6-_jpg.rf.b02e9d63737231a89d8b86c4af05b0de.jpg</filename>
	<path>stab_wound-6-_jpg.rf.b02e9d63737231a89d8b86c4af05b0de.jpg</path>
	<source>
		<database>roboflow.com</database>
	</source>
	<size>
		<width>640</width>
		<height>640</height>
		<depth>3</depth>
	</size>
	<segmented>0</segmented>
	<object>
		<name>stab</name>
		<pose>Unspecified</pose>
		<truncated>0</truncated>
		<difficult>0</difficult>
		<occluded>0</occluded>
		<bndbox>
			<xmin>184</xmin>
			<xmax>301</xmax>
			<ymin>251</ymin>
			<ymax>366</ymax>
		</bndbox>
	</object>
	<object>
		<name>stab</name>
		<pose>Unspecified</pose>
		<truncated>0</truncated>
		<difficult>0</difficult>
		<occluded>0</occluded>
		<bndbox>
			<xmin>382</xmin>
			<xmax>466</xmax>
			<ymin>291</ymin>
			<ymax>381</ymax>
		</bndbox>
	</object>
</annotation>
