<annotation>
	<folder></folder>
	<filename>stab_wound-10-_jpg.rf.87864857f95067da4906bf898c484dcf.jpg</filename>
	<path>stab_wound-10-_jpg.rf.87864857f95067da4906bf898c484dcf.jpg</path>
	<source>
		<database>roboflow.com</database>
	</source>
	<size>
		<width>640</width>
		<height>640</height>
		<depth>3</depth>
	</size>
	<segmented>0</segmented>
	<object>
		<name>stab</name>
		<pose>Unspecified</pose>
		<truncated>0</truncated>
		<difficult>0</difficult>
		<occluded>0</occluded>
		<bndbox>
			<xmin>264</xmin>
			<xmax>465</xmax>
			<ymin>189</ymin>
			<ymax>418</ymax>
		</bndbox>
	</object>
</annotation>
