<annotation>
	<folder></folder>
	<filename>stab_wound-20-_jpg.rf.c86b2c5a36761d41bdb1df41bbec7faa.jpg</filename>
	<path>stab_wound-20-_jpg.rf.c86b2c5a36761d41bdb1df41bbec7faa.jpg</path>
	<source>
		<database>roboflow.com</database>
	</source>
	<size>
		<width>640</width>
		<height>640</height>
		<depth>3</depth>
	</size>
	<segmented>0</segmented>
	<object>
		<name>stab</name>
		<pose>Unspecified</pose>
		<truncated>0</truncated>
		<difficult>0</difficult>
		<occluded>0</occluded>
		<bndbox>
			<xmin>328</xmin>
			<xmax>459</xmax>
			<ymin>105</ymin>
			<ymax>241</ymax>
		</bndbox>
	</object>
</annotation>
