<annotation>
	<folder></folder>
	<filename>stab_wound-2-_jpg.rf.f1d82536012fd0d84a8216d6b046c72f.jpg</filename>
	<path>stab_wound-2-_jpg.rf.f1d82536012fd0d84a8216d6b046c72f.jpg</path>
	<source>
		<database>roboflow.com</database>
	</source>
	<size>
		<width>640</width>
		<height>640</height>
		<depth>3</depth>
	</size>
	<segmented>0</segmented>
	<object>
		<name>stab</name>
		<pose>Unspecified</pose>
		<truncated>0</truncated>
		<difficult>0</difficult>
		<occluded>0</occluded>
		<bndbox>
			<xmin>249</xmin>
			<xmax>322</xmax>
			<ymin>262</ymin>
			<ymax>329</ymax>
		</bndbox>
	</object>
	<object>
		<name>stab</name>
		<pose>Unspecified</pose>
		<truncated>0</truncated>
		<difficult>0</difficult>
		<occluded>0</occluded>
		<bndbox>
			<xmin>261</xmin>
			<xmax>320</xmax>
			<ymin>336</ymin>
			<ymax>383</ymax>
		</bndbox>
	</object>
</annotation>
