<annotation>
	<folder></folder>
	<filename>stab_wound-16-_jpg.rf.e4a5e3cc48474c7c8ddec4c352ed80df.jpg</filename>
	<path>stab_wound-16-_jpg.rf.e4a5e3cc48474c7c8ddec4c352ed80df.jpg</path>
	<source>
		<database>roboflow.com</database>
	</source>
	<size>
		<width>640</width>
		<height>640</height>
		<depth>3</depth>
	</size>
	<segmented>0</segmented>
	<object>
		<name>stab</name>
		<pose>Unspecified</pose>
		<truncated>0</truncated>
		<difficult>0</difficult>
		<occluded>0</occluded>
		<bndbox>
			<xmin>89</xmin>
			<xmax>208</xmax>
			<ymin>358</ymin>
			<ymax>485</ymax>
		</bndbox>
	</object>
	<object>
		<name>stab</name>
		<pose>Unspecified</pose>
		<truncated>0</truncated>
		<difficult>0</difficult>
		<occluded>0</occluded>
		<bndbox>
			<xmin>232</xmin>
			<xmax>453</xmax>
			<ymin>514</ymin>
			<ymax>629</ymax>
		</bndbox>
	</object>
	<object>
		<name>stab</name>
		<pose>Unspecified</pose>
		<truncated>0</truncated>
		<difficult>0</difficult>
		<occluded>0</occluded>
		<bndbox>
			<xmin>126</xmin>
			<xmax>221</xmax>
			<ymin>255</ymin>
			<ymax>332</ymax>
		</bndbox>
	</object>
	<object>
		<name>stab</name>
		<pose>Unspecified</pose>
		<truncated>0</truncated>
		<difficult>0</difficult>
		<occluded>0</occluded>
		<bndbox>
			<xmin>415</xmin>
			<xmax>553</xmax>
			<ymin>274</ymin>
			<ymax>408</ymax>
		</bndbox>
	</object>
	<object>
		<name>stab</name>
		<pose>Unspecified</pose>
		<truncated>0</truncated>
		<difficult>0</difficult>
		<occluded>0</occluded>
		<bndbox>
			<xmin>346</xmin>
			<xmax>416</xmax>
			<ymin>163</ymin>
			<ymax>237</ymax>
		</bndbox>
	</object>
</annotation>
