<annotation>
	<folder></folder>
	<filename>stab_wound-21-_jpg.rf.bd5e9eb36a1f40ec15d091285be7da41.jpg</filename>
	<path>stab_wound-21-_jpg.rf.bd5e9eb36a1f40ec15d091285be7da41.jpg</path>
	<source>
		<database>roboflow.com</database>
	</source>
	<size>
		<width>640</width>
		<height>640</height>
		<depth>3</depth>
	</size>
	<segmented>0</segmented>
	<object>
		<name>stab</name>
		<pose>Unspecified</pose>
		<truncated>0</truncated>
		<difficult>0</difficult>
		<occluded>0</occluded>
		<bndbox>
			<xmin>274</xmin>
			<xmax>356</xmax>
			<ymin>172</ymin>
			<ymax>307</ymax>
		</bndbox>
	</object>
	<object>
		<name>stab</name>
		<pose>Unspecified</pose>
		<truncated>0</truncated>
		<difficult>0</difficult>
		<occluded>0</occluded>
		<bndbox>
			<xmin>304</xmin>
			<xmax>361</xmax>
			<ymin>310</ymin>
			<ymax>365</ymax>
		</bndbox>
	</object>
</annotation>
