<annotation>
	<folder></folder>
	<filename>stab_wound-4-_jpg.rf.1fddbb7bd931f1c6e4b0bcee61f48f91.jpg</filename>
	<path>stab_wound-4-_jpg.rf.1fddbb7bd931f1c6e4b0bcee61f48f91.jpg</path>
	<source>
		<database>roboflow.com</database>
	</source>
	<size>
		<width>640</width>
		<height>640</height>
		<depth>3</depth>
	</size>
	<segmented>0</segmented>
	<object>
		<name>stab</name>
		<pose>Unspecified</pose>
		<truncated>0</truncated>
		<difficult>0</difficult>
		<occluded>0</occluded>
		<bndbox>
			<xmin>96</xmin>
			<xmax>201</xmax>
			<ymin>367</ymin>
			<ymax>462</ymax>
		</bndbox>
	</object>
	<object>
		<name>stab</name>
		<pose>Unspecified</pose>
		<truncated>0</truncated>
		<difficult>0</difficult>
		<occluded>0</occluded>
		<bndbox>
			<xmin>402</xmin>
			<xmax>470</xmax>
			<ymin>481</ymin>
			<ymax>578</ymax>
		</bndbox>
	</object>
	<object>
		<name>stab</name>
		<pose>Unspecified</pose>
		<truncated>0</truncated>
		<difficult>0</difficult>
		<occluded>0</occluded>
		<bndbox>
			<xmin>384</xmin>
			<xmax>494</xmax>
			<ymin>182</ymin>
			<ymax>295</ymax>
		</bndbox>
	</object>
</annotation>
