<annotation>
	<folder></folder>
	<filename>stab_wound-9-_jpg.rf.439f6117c72951c2c4783eceda133220.jpg</filename>
	<path>stab_wound-9-_jpg.rf.439f6117c72951c2c4783eceda133220.jpg</path>
	<source>
		<database>roboflow.com</database>
	</source>
	<size>
		<width>640</width>
		<height>640</height>
		<depth>3</depth>
	</size>
	<segmented>0</segmented>
	<object>
		<name>stab</name>
		<pose>Unspecified</pose>
		<truncated>0</truncated>
		<difficult>0</difficult>
		<occluded>0</occluded>
		<bndbox>
			<xmin>291</xmin>
			<xmax>363</xmax>
			<ymin>425</ymin>
			<ymax>510</ymax>
		</bndbox>
	</object>
</annotation>
