<annotation>
	<folder></folder>
	<filename>stab_wound-18-_jpg.rf.a6db4c6473f3a73c86929540e5b7f1df.jpg</filename>
	<path>stab_wound-18-_jpg.rf.a6db4c6473f3a73c86929540e5b7f1df.jpg</path>
	<source>
		<database>roboflow.com</database>
	</source>
	<size>
		<width>640</width>
		<height>640</height>
		<depth>3</depth>
	</size>
	<segmented>0</segmented>
	<object>
		<name>stab</name>
		<pose>Unspecified</pose>
		<truncated>0</truncated>
		<difficult>0</difficult>
		<occluded>0</occluded>
		<bndbox>
			<xmin>276</xmin>
			<xmax>376</xmax>
			<ymin>226</ymin>
			<ymax>342</ymax>
		</bndbox>
	</object>
</annotation>
