<annotation>
	<folder></folder>
	<filename>stab_wound-23-_jpg.rf.44df180ec12c53c0aac0e2fa919d91d8.jpg</filename>
	<path>stab_wound-23-_jpg.rf.44df180ec12c53c0aac0e2fa919d91d8.jpg</path>
	<source>
		<database>roboflow.com</database>
	</source>
	<size>
		<width>640</width>
		<height>640</height>
		<depth>3</depth>
	</size>
	<segmented>0</segmented>
	<object>
		<name>stab</name>
		<pose>Unspecified</pose>
		<truncated>0</truncated>
		<difficult>0</difficult>
		<occluded>0</occluded>
		<bndbox>
			<xmin>187</xmin>
			<xmax>268</xmax>
			<ymin>266</ymin>
			<ymax>340</ymax>
		</bndbox>
	</object>
	<object>
		<name>stab</name>
		<pose>Unspecified</pose>
		<truncated>0</truncated>
		<difficult>0</difficult>
		<occluded>0</occluded>
		<bndbox>
			<xmin>372</xmin>
			<xmax>455</xmax>
			<ymin>286</ymin>
			<ymax>372</ymax>
		</bndbox>
	</object>
</annotation>
