<annotation>
	<folder></folder>
	<filename>stab_wound-21-_jpg.rf.b1ff9914f50ca0008140e3d871aaa7f6.jpg</filename>
	<path>stab_wound-21-_jpg.rf.b1ff9914f50ca0008140e3d871aaa7f6.jpg</path>
	<source>
		<database>roboflow.com</database>
	</source>
	<size>
		<width>640</width>
		<height>640</height>
		<depth>3</depth>
	</size>
	<segmented>0</segmented>
	<object>
		<name>stab</name>
		<pose>Unspecified</pose>
		<truncated>0</truncated>
		<difficult>0</difficult>
		<occluded>0</occluded>
		<bndbox>
			<xmin>335</xmin>
			<xmax>470</xmax>
			<ymin>286</ymin>
			<ymax>369</ymax>
		</bndbox>
	</object>
	<object>
		<name>stab</name>
		<pose>Unspecified</pose>
		<truncated>0</truncated>
		<difficult>0</difficult>
		<occluded>0</occluded>
		<bndbox>
			<xmin>277</xmin>
			<xmax>332</xmax>
			<ymin>281</ymin>
			<ymax>338</ymax>
		</bndbox>
	</object>
</annotation>
