<annotation>
	<folder></folder>
	<filename>stab_wound-14-_jpg.rf.9643b32a6d311eaed77abe6271b8fb89.jpg</filename>
	<path>stab_wound-14-_jpg.rf.9643b32a6d311eaed77abe6271b8fb89.jpg</path>
	<source>
		<database>roboflow.com</database>
	</source>
	<size>
		<width>640</width>
		<height>640</height>
		<depth>3</depth>
	</size>
	<segmented>0</segmented>
	<object>
		<name>stab</name>
		<pose>Unspecified</pose>
		<truncated>0</truncated>
		<difficult>0</difficult>
		<occluded>0</occluded>
		<bndbox>
			<xmin>145</xmin>
			<xmax>222</xmax>
			<ymin>252</ymin>
			<ymax>314</ymax>
		</bndbox>
	</object>
	<object>
		<name>stab</name>
		<pose>Unspecified</pose>
		<truncated>0</truncated>
		<difficult>0</difficult>
		<occluded>0</occluded>
		<bndbox>
			<xmin>339</xmin>
			<xmax>468</xmax>
			<ymin>270</ymin>
			<ymax>401</ymax>
		</bndbox>
	</object>
	<object>
		<name>stab</name>
		<pose>Unspecified</pose>
		<truncated>0</truncated>
		<difficult>0</difficult>
		<occluded>0</occluded>
		<bndbox>
			<xmin>201</xmin>
			<xmax>258</xmax>
			<ymin>165</ymin>
			<ymax>215</ymax>
		</bndbox>
	</object>
</annotation>
