<annotation>
	<folder></folder>
	<filename>stab_wound-12-_jpg.rf.2b1bad4fcbd75cebf61fbdb31af09545.jpg</filename>
	<path>stab_wound-12-_jpg.rf.2b1bad4fcbd75cebf61fbdb31af09545.jpg</path>
	<source>
		<database>roboflow.com</database>
	</source>
	<size>
		<width>640</width>
		<height>640</height>
		<depth>3</depth>
	</size>
	<segmented>0</segmented>
	<object>
		<name>stab</name>
		<pose>Unspecified</pose>
		<truncated>0</truncated>
		<difficult>0</difficult>
		<occluded>0</occluded>
		<bndbox>
			<xmin>244</xmin>
			<xmax>364</xmax>
			<ymin>160</ymin>
			<ymax>292</ymax>
		</bndbox>
	</object>
</annotation>
