<annotation>
	<folder></folder>
	<filename>stab_wound-20-_jpg.rf.263d039124e2021df88bdb002988fa5a.jpg</filename>
	<path>stab_wound-20-_jpg.rf.263d039124e2021df88bdb002988fa5a.jpg</path>
	<source>
		<database>roboflow.com</database>
	</source>
	<size>
		<width>640</width>
		<height>640</height>
		<depth>3</depth>
	</size>
	<segmented>0</segmented>
	<object>
		<name>stab</name>
		<pose>Unspecified</pose>
		<truncated>0</truncated>
		<difficult>0</difficult>
		<occluded>0</occluded>
		<bndbox>
			<xmin>105</xmin>
			<xmax>241</xmax>
			<ymin>183</ymin>
			<ymax>314</ymax>
		</bndbox>
	</object>
</annotation>
