<annotation>
	<folder></folder>
	<filename>stab_wound-17-_jpg.rf.000e0808aaa6be36414c213ddb3439ef.jpg</filename>
	<path>stab_wound-17-_jpg.rf.000e0808aaa6be36414c213ddb3439ef.jpg</path>
	<source>
		<database>roboflow.com</database>
	</source>
	<size>
		<width>640</width>
		<height>640</height>
		<depth>3</depth>
	</size>
	<segmented>0</segmented>
	<object>
		<name>stab</name>
		<pose>Unspecified</pose>
		<truncated>0</truncated>
		<difficult>0</difficult>
		<occluded>0</occluded>
		<bndbox>
			<xmin>256</xmin>
			<xmax>357</xmax>
			<ymin>240</ymin>
			<ymax>365</ymax>
		</bndbox>
	</object>
</annotation>
