<annotation>
	<folder></folder>
	<filename>stab_wound-18-_jpg.rf.9b6519b1fab76e48bc48478f602a6423.jpg</filename>
	<path>stab_wound-18-_jpg.rf.9b6519b1fab76e48bc48478f602a6423.jpg</path>
	<source>
		<database>roboflow.com</database>
	</source>
	<size>
		<width>640</width>
		<height>640</height>
		<depth>3</depth>
	</size>
	<segmented>0</segmented>
	<object>
		<name>stab</name>
		<pose>Unspecified</pose>
		<truncated>0</truncated>
		<difficult>0</difficult>
		<occluded>0</occluded>
		<bndbox>
			<xmin>226</xmin>
			<xmax>342</xmax>
			<ymin>266</ymin>
			<ymax>367</ymax>
		</bndbox>
	</object>
</annotation>
