<annotation>
	<folder></folder>
	<filename>stab_wound-3-_jpg.rf.9974c7ecddf80a0c70a804b1f16ccab7.jpg</filename>
	<path>stab_wound-3-_jpg.rf.9974c7ecddf80a0c70a804b1f16ccab7.jpg</path>
	<source>
		<database>roboflow.com</database>
	</source>
	<size>
		<width>640</width>
		<height>640</height>
		<depth>3</depth>
	</size>
	<segmented>0</segmented>
	<object>
		<name>stab</name>
		<pose>Unspecified</pose>
		<truncated>0</truncated>
		<difficult>0</difficult>
		<occluded>0</occluded>
		<bndbox>
			<xmin>303</xmin>
			<xmax>370</xmax>
			<ymin>312</ymin>
			<ymax>396</ymax>
		</bndbox>
	</object>
	<object>
		<name>stab</name>
		<pose>Unspecified</pose>
		<truncated>0</truncated>
		<difficult>0</difficult>
		<occluded>0</occluded>
		<bndbox>
			<xmin>178</xmin>
			<xmax>267</xmax>
			<ymin>206</ymin>
			<ymax>302</ymax>
		</bndbox>
	</object>
</annotation>
