<annotation>
	<folder></folder>
	<filename>stab_wound-17-_jpg.rf.2c064ed135e727471088c1315ab36da2.jpg</filename>
	<path>stab_wound-17-_jpg.rf.2c064ed135e727471088c1315ab36da2.jpg</path>
	<source>
		<database>roboflow.com</database>
	</source>
	<size>
		<width>640</width>
		<height>640</height>
		<depth>3</depth>
	</size>
	<segmented>0</segmented>
	<object>
		<name>stab</name>
		<pose>Unspecified</pose>
		<truncated>0</truncated>
		<difficult>0</difficult>
		<occluded>0</occluded>
		<bndbox>
			<xmin>277</xmin>
			<xmax>403</xmax>
			<ymin>256</ymin>
			<ymax>356</ymax>
		</bndbox>
	</object>
</annotation>
