<annotation>
	<folder></folder>
	<filename>stab_wound-7-_jpg.rf.bd14e656a59bbe6b59345e6995a0a532.jpg</filename>
	<path>stab_wound-7-_jpg.rf.bd14e656a59bbe6b59345e6995a0a532.jpg</path>
	<source>
		<database>roboflow.com</database>
	</source>
	<size>
		<width>640</width>
		<height>640</height>
		<depth>3</depth>
	</size>
	<segmented>0</segmented>
	<object>
		<name>stab</name>
		<pose>Unspecified</pose>
		<truncated>0</truncated>
		<difficult>0</difficult>
		<occluded>0</occluded>
		<bndbox>
			<xmin>371</xmin>
			<xmax>470</xmax>
			<ymin>157</ymin>
			<ymax>269</ymax>
		</bndbox>
	</object>
	<object>
		<name>stab</name>
		<pose>Unspecified</pose>
		<truncated>0</truncated>
		<difficult>0</difficult>
		<occluded>0</occluded>
		<bndbox>
			<xmin>210</xmin>
			<xmax>276</xmax>
			<ymin>151</ymin>
			<ymax>221</ymax>
		</bndbox>
	</object>
</annotation>
