<annotation>
	<folder></folder>
	<filename>stab_wound-5-_jpg.rf.49b4b41d4ad6171b64a512a8c54a80f8.jpg</filename>
	<path>stab_wound-5-_jpg.rf.49b4b41d4ad6171b64a512a8c54a80f8.jpg</path>
	<source>
		<database>roboflow.com</database>
	</source>
	<size>
		<width>640</width>
		<height>640</height>
		<depth>3</depth>
	</size>
	<segmented>0</segmented>
	<object>
		<name>stab</name>
		<pose>Unspecified</pose>
		<truncated>0</truncated>
		<difficult>0</difficult>
		<occluded>0</occluded>
		<bndbox>
			<xmin>192</xmin>
			<xmax>488</xmax>
			<ymin>54</ymin>
			<ymax>435</ymax>
		</bndbox>
	</object>
</annotation>
