<annotation>
	<folder></folder>
	<filename>stab_wound-14-_jpg.rf.5b916f65c129ef80a2875b3e7b77252d.jpg</filename>
	<path>stab_wound-14-_jpg.rf.5b916f65c129ef80a2875b3e7b77252d.jpg</path>
	<source>
		<database>roboflow.com</database>
	</source>
	<size>
		<width>640</width>
		<height>640</height>
		<depth>3</depth>
	</size>
	<segmented>0</segmented>
	<object>
		<name>stab</name>
		<pose>Unspecified</pose>
		<truncated>0</truncated>
		<difficult>0</difficult>
		<occluded>0</occluded>
		<bndbox>
			<xmin>145</xmin>
			<xmax>222</xmax>
			<ymin>328</ymin>
			<ymax>390</ymax>
		</bndbox>
	</object>
	<object>
		<name>stab</name>
		<pose>Unspecified</pose>
		<truncated>0</truncated>
		<difficult>0</difficult>
		<occluded>0</occluded>
		<bndbox>
			<xmin>339</xmin>
			<xmax>468</xmax>
			<ymin>241</ymin>
			<ymax>372</ymax>
		</bndbox>
	</object>
	<object>
		<name>stab</name>
		<pose>Unspecified</pose>
		<truncated>0</truncated>
		<difficult>0</difficult>
		<occluded>0</occluded>
		<bndbox>
			<xmin>201</xmin>
			<xmax>258</xmax>
			<ymin>428</ymin>
			<ymax>478</ymax>
		</bndbox>
	</object>
</annotation>
