<annotation>
	<folder></folder>
	<filename>stab_wound-10-_jpg.rf.a2301989212b0012535ccc14a4062e81.jpg</filename>
	<path>stab_wound-10-_jpg.rf.a2301989212b0012535ccc14a4062e81.jpg</path>
	<source>
		<database>roboflow.com</database>
	</source>
	<size>
		<width>640</width>
		<height>640</height>
		<depth>3</depth>
	</size>
	<segmented>0</segmented>
	<object>
		<name>stab</name>
		<pose>Unspecified</pose>
		<truncated>0</truncated>
		<difficult>0</difficult>
		<occluded>0</occluded>
		<bndbox>
			<xmin>224</xmin>
			<xmax>453</xmax>
			<ymin>178</ymin>
			<ymax>379</ymax>
		</bndbox>
	</object>
</annotation>
