<annotation>
	<folder></folder>
	<filename>stab_wound-9-_jpg.rf.3a32e1a66012949d905b95f7d9f8b8a4.jpg</filename>
	<path>stab_wound-9-_jpg.rf.3a32e1a66012949d905b95f7d9f8b8a4.jpg</path>
	<source>
		<database>roboflow.com</database>
	</source>
	<size>
		<width>640</width>
		<height>640</height>
		<depth>3</depth>
	</size>
	<segmented>0</segmented>
	<object>
		<name>stab</name>
		<pose>Unspecified</pose>
		<truncated>0</truncated>
		<difficult>0</difficult>
		<occluded>0</occluded>
		<bndbox>
			<xmin>132</xmin>
			<xmax>217</xmax>
			<ymin>291</ymin>
			<ymax>363</ymax>
		</bndbox>
	</object>
</annotation>
