<annotation>
	<folder></folder>
	<filename>stab_wound-4-_jpg.rf.828db61dc718636eedc9ac99558cb24f.jpg</filename>
	<path>stab_wound-4-_jpg.rf.828db61dc718636eedc9ac99558cb24f.jpg</path>
	<source>
		<database>roboflow.com</database>
	</source>
	<size>
		<width>640</width>
		<height>640</height>
		<depth>3</depth>
	</size>
	<segmented>0</segmented>
	<object>
		<name>stab</name>
		<pose>Unspecified</pose>
		<truncated>0</truncated>
		<difficult>0</difficult>
		<occluded>0</occluded>
		<bndbox>
			<xmin>180</xmin>
			<xmax>275</xmax>
			<ymin>442</ymin>
			<ymax>547</ymax>
		</bndbox>
	</object>
	<object>
		<name>stab</name>
		<pose>Unspecified</pose>
		<truncated>0</truncated>
		<difficult>0</difficult>
		<occluded>0</occluded>
		<bndbox>
			<xmin>64</xmin>
			<xmax>161</xmax>
			<ymin>172</ymin>
			<ymax>240</ymax>
		</bndbox>
	</object>
	<object>
		<name>stab</name>
		<pose>Unspecified</pose>
		<truncated>0</truncated>
		<difficult>0</difficult>
		<occluded>0</occluded>
		<bndbox>
			<xmin>347</xmin>
			<xmax>460</xmax>
			<ymin>149</ymin>
			<ymax>259</ymax>
		</bndbox>
	</object>
</annotation>
