<annotation>
	<folder></folder>
	<filename>stab_wound-15-_jpg.rf.39e0feffff0b644d823f1de63370d2bd.jpg</filename>
	<path>stab_wound-15-_jpg.rf.39e0feffff0b644d823f1de63370d2bd.jpg</path>
	<source>
		<database>roboflow.com</database>
	</source>
	<size>
		<width>640</width>
		<height>640</height>
		<depth>3</depth>
	</size>
	<segmented>0</segmented>
	<object>
		<name>stab</name>
		<pose>Unspecified</pose>
		<truncated>0</truncated>
		<difficult>0</difficult>
		<occluded>0</occluded>
		<bndbox>
			<xmin>298</xmin>
			<xmax>367</xmax>
			<ymin>161</ymin>
			<ymax>254</ymax>
		</bndbox>
	</object>
	<object>
		<name>stab</name>
		<pose>Unspecified</pose>
		<truncated>0</truncated>
		<difficult>0</difficult>
		<occluded>0</occluded>
		<bndbox>
			<xmin>204</xmin>
			<xmax>309</xmax>
			<ymin>360</ymin>
			<ymax>467</ymax>
		</bndbox>
	</object>
</annotation>
