<annotation>
	<folder></folder>
	<filename>stab_wound-18-_jpg.rf.2b7fcb4877f8081633e540288f2d6bb6.jpg</filename>
	<path>stab_wound-18-_jpg.rf.2b7fcb4877f8081633e540288f2d6bb6.jpg</path>
	<source>
		<database>roboflow.com</database>
	</source>
	<size>
		<width>640</width>
		<height>640</height>
		<depth>3</depth>
	</size>
	<segmented>0</segmented>
	<object>
		<name>stab</name>
		<pose>Unspecified</pose>
		<truncated>0</truncated>
		<difficult>0</difficult>
		<occluded>0</occluded>
		<bndbox>
			<xmin>226</xmin>
			<xmax>342</xmax>
			<ymin>276</ymin>
			<ymax>377</ymax>
		</bndbox>
	</object>
</annotation>
