<annotation>
	<folder></folder>
	<filename>stab_wound-2-_jpg.rf.b171357013bdb6cfab80bfd7b7d00ac1.jpg</filename>
	<path>stab_wound-2-_jpg.rf.b171357013bdb6cfab80bfd7b7d00ac1.jpg</path>
	<source>
		<database>roboflow.com</database>
	</source>
	<size>
		<width>640</width>
		<height>640</height>
		<depth>3</depth>
	</size>
	<segmented>0</segmented>
	<object>
		<name>stab</name>
		<pose>Unspecified</pose>
		<truncated>0</truncated>
		<difficult>0</difficult>
		<occluded>0</occluded>
		<bndbox>
			<xmin>320</xmin>
			<xmax>393</xmax>
			<ymin>262</ymin>
			<ymax>329</ymax>
		</bndbox>
	</object>
	<object>
		<name>stab</name>
		<pose>Unspecified</pose>
		<truncated>0</truncated>
		<difficult>0</difficult>
		<occluded>0</occluded>
		<bndbox>
			<xmin>322</xmin>
			<xmax>381</xmax>
			<ymin>337</ymin>
			<ymax>383</ymax>
		</bndbox>
	</object>
</annotation>
