<annotation>
	<folder></folder>
	<filename>stab_wound-6-_jpg.rf.265dfbc495e8134efcb2c920700081f9.jpg</filename>
	<path>stab_wound-6-_jpg.rf.265dfbc495e8134efcb2c920700081f9.jpg</path>
	<source>
		<database>roboflow.com</database>
	</source>
	<size>
		<width>640</width>
		<height>640</height>
		<depth>3</depth>
	</size>
	<segmented>0</segmented>
	<object>
		<name>stab</name>
		<pose>Unspecified</pose>
		<truncated>0</truncated>
		<difficult>0</difficult>
		<occluded>0</occluded>
		<bndbox>
			<xmin>277</xmin>
			<xmax>392</xmax>
			<ymin>341</ymin>
			<ymax>458</ymax>
		</bndbox>
	</object>
	<object>
		<name>stab</name>
		<pose>Unspecified</pose>
		<truncated>0</truncated>
		<difficult>0</difficult>
		<occluded>0</occluded>
		<bndbox>
			<xmin>261</xmin>
			<xmax>351</xmax>
			<ymin>177</ymin>
			<ymax>261</ymax>
		</bndbox>
	</object>
</annotation>
