<annotation>
	<folder></folder>
	<filename>stab_wound-15-_jpg.rf.757d6233faf50612341d2369ffe68835.jpg</filename>
	<path>stab_wound-15-_jpg.rf.757d6233faf50612341d2369ffe68835.jpg</path>
	<source>
		<database>roboflow.com</database>
	</source>
	<size>
		<width>640</width>
		<height>640</height>
		<depth>3</depth>
	</size>
	<segmented>0</segmented>
	<object>
		<name>stab</name>
		<pose>Unspecified</pose>
		<truncated>0</truncated>
		<difficult>0</difficult>
		<occluded>0</occluded>
		<bndbox>
			<xmin>388</xmin>
			<xmax>481</xmax>
			<ymin>298</ymin>
			<ymax>367</ymax>
		</bndbox>
	</object>
	<object>
		<name>stab</name>
		<pose>Unspecified</pose>
		<truncated>0</truncated>
		<difficult>0</difficult>
		<occluded>0</occluded>
		<bndbox>
			<xmin>176</xmin>
			<xmax>283</xmax>
			<ymin>204</ymin>
			<ymax>309</ymax>
		</bndbox>
	</object>
</annotation>
