<annotation>
	<folder></folder>
	<filename>stab_wound-7-_jpg.rf.6c113f4f6d948ee7fa4cc55f4157dd0f.jpg</filename>
	<path>stab_wound-7-_jpg.rf.6c113f4f6d948ee7fa4cc55f4157dd0f.jpg</path>
	<source>
		<database>roboflow.com</database>
	</source>
	<size>
		<width>640</width>
		<height>640</height>
		<depth>3</depth>
	</size>
	<segmented>0</segmented>
	<object>
		<name>stab</name>
		<pose>Unspecified</pose>
		<truncated>0</truncated>
		<difficult>0</difficult>
		<occluded>0</occluded>
		<bndbox>
			<xmin>172</xmin>
			<xmax>271</xmax>
			<ymin>374</ymin>
			<ymax>486</ymax>
		</bndbox>
	</object>
	<object>
		<name>stab</name>
		<pose>Unspecified</pose>
		<truncated>0</truncated>
		<difficult>0</difficult>
		<occluded>0</occluded>
		<bndbox>
			<xmin>367</xmin>
			<xmax>433</xmax>
			<ymin>421</ymin>
			<ymax>491</ymax>
		</bndbox>
	</object>
</annotation>
