<annotation>
	<folder></folder>
	<filename>stab_wound-7-_jpg.rf.72f2ce87ed8a67283d4e44c475351f49.jpg</filename>
	<path>stab_wound-7-_jpg.rf.72f2ce87ed8a67283d4e44c475351f49.jpg</path>
	<source>
		<database>roboflow.com</database>
	</source>
	<size>
		<width>640</width>
		<height>640</height>
		<depth>3</depth>
	</size>
	<segmented>0</segmented>
	<object>
		<name>stab</name>
		<pose>Unspecified</pose>
		<truncated>0</truncated>
		<difficult>0</difficult>
		<occluded>0</occluded>
		<bndbox>
			<xmin>374</xmin>
			<xmax>486</xmax>
			<ymin>172</ymin>
			<ymax>271</ymax>
		</bndbox>
	</object>
	<object>
		<name>stab</name>
		<pose>Unspecified</pose>
		<truncated>0</truncated>
		<difficult>0</difficult>
		<occluded>0</occluded>
		<bndbox>
			<xmin>421</xmin>
			<xmax>491</xmax>
			<ymin>366</ymin>
			<ymax>433</ymax>
		</bndbox>
	</object>
</annotation>
