<annotation>
	<folder></folder>
	<filename>stab_wound-2-_jpg.rf.297b972638a9a200888178fe1b73e880.jpg</filename>
	<path>stab_wound-2-_jpg.rf.297b972638a9a200888178fe1b73e880.jpg</path>
	<source>
		<database>roboflow.com</database>
	</source>
	<size>
		<width>640</width>
		<height>640</height>
		<depth>3</depth>
	</size>
	<segmented>0</segmented>
	<object>
		<name>stab</name>
		<pose>Unspecified</pose>
		<truncated>0</truncated>
		<difficult>0</difficult>
		<occluded>0</occluded>
		<bndbox>
			<xmin>262</xmin>
			<xmax>329</xmax>
			<ymin>320</ymin>
			<ymax>393</ymax>
		</bndbox>
	</object>
	<object>
		<name>stab</name>
		<pose>Unspecified</pose>
		<truncated>0</truncated>
		<difficult>0</difficult>
		<occluded>0</occluded>
		<bndbox>
			<xmin>337</xmin>
			<xmax>383</xmax>
			<ymin>322</ymin>
			<ymax>381</ymax>
		</bndbox>
	</object>
</annotation>
