<annotation>
	<folder></folder>
	<filename>stab_wound-15-_jpg.rf.6cd39e68ccba1de9d851773a7e5036b0.jpg</filename>
	<path>stab_wound-15-_jpg.rf.6cd39e68ccba1de9d851773a7e5036b0.jpg</path>
	<source>
		<database>roboflow.com</database>
	</source>
	<size>
		<width>640</width>
		<height>640</height>
		<depth>3</depth>
	</size>
	<segmented>0</segmented>
	<object>
		<name>stab</name>
		<pose>Unspecified</pose>
		<truncated>0</truncated>
		<difficult>0</difficult>
		<occluded>0</occluded>
		<bndbox>
			<xmin>161</xmin>
			<xmax>254</xmax>
			<ymin>297</ymin>
			<ymax>366</ymax>
		</bndbox>
	</object>
	<object>
		<name>stab</name>
		<pose>Unspecified</pose>
		<truncated>0</truncated>
		<difficult>0</difficult>
		<occluded>0</occluded>
		<bndbox>
			<xmin>359</xmin>
			<xmax>466</xmax>
			<ymin>204</ymin>
			<ymax>308</ymax>
		</bndbox>
	</object>
</annotation>
