<annotation>
	<folder></folder>
	<filename>stab_wound-14-_jpg.rf.3819a37788626ff74c4fae4cc1dd34a6.jpg</filename>
	<path>stab_wound-14-_jpg.rf.3819a37788626ff74c4fae4cc1dd34a6.jpg</path>
	<source>
		<database>roboflow.com</database>
	</source>
	<size>
		<width>640</width>
		<height>640</height>
		<depth>3</depth>
	</size>
	<segmented>0</segmented>
	<object>
		<name>stab</name>
		<pose>Unspecified</pose>
		<truncated>0</truncated>
		<difficult>0</difficult>
		<occluded>0</occluded>
		<bndbox>
			<xmin>252</xmin>
			<xmax>314</xmax>
			<ymin>145</ymin>
			<ymax>222</ymax>
		</bndbox>
	</object>
	<object>
		<name>stab</name>
		<pose>Unspecified</pose>
		<truncated>0</truncated>
		<difficult>0</difficult>
		<occluded>0</occluded>
		<bndbox>
			<xmin>270</xmin>
			<xmax>401</xmax>
			<ymin>339</ymin>
			<ymax>468</ymax>
		</bndbox>
	</object>
	<object>
		<name>stab</name>
		<pose>Unspecified</pose>
		<truncated>0</truncated>
		<difficult>0</difficult>
		<occluded>0</occluded>
		<bndbox>
			<xmin>165</xmin>
			<xmax>215</xmax>
			<ymin>201</ymin>
			<ymax>258</ymax>
		</bndbox>
	</object>
</annotation>
