<annotation>
	<folder></folder>
	<filename>stab_wound-12-_jpg.rf.76033de8a390b597583dc77b6532ead4.jpg</filename>
	<path>stab_wound-12-_jpg.rf.76033de8a390b597583dc77b6532ead4.jpg</path>
	<source>
		<database>roboflow.com</database>
	</source>
	<size>
		<width>640</width>
		<height>640</height>
		<depth>3</depth>
	</size>
	<segmented>0</segmented>
	<object>
		<name>stab</name>
		<pose>Unspecified</pose>
		<truncated>0</truncated>
		<difficult>0</difficult>
		<occluded>0</occluded>
		<bndbox>
			<xmin>160</xmin>
			<xmax>292</xmax>
			<ymin>279</ymin>
			<ymax>399</ymax>
		</bndbox>
	</object>
</annotation>
