<annotation>
	<folder></folder>
	<filename>stab_wound-22-_jpg.rf.b9ddba15b848ad6f85a5220d0bc50a84.jpg</filename>
	<path>stab_wound-22-_jpg.rf.b9ddba15b848ad6f85a5220d0bc50a84.jpg</path>
	<source>
		<database>roboflow.com</database>
	</source>
	<size>
		<width>640</width>
		<height>640</height>
		<depth>3</depth>
	</size>
	<segmented>0</segmented>
	<object>
		<name>stab</name>
		<pose>Unspecified</pose>
		<truncated>0</truncated>
		<difficult>0</difficult>
		<occluded>0</occluded>
		<bndbox>
			<xmin>247</xmin>
			<xmax>320</xmax>
			<ymin>159</ymin>
			<ymax>220</ymax>
		</bndbox>
	</object>
	<object>
		<name>stab</name>
		<pose>Unspecified</pose>
		<truncated>0</truncated>
		<difficult>0</difficult>
		<occluded>0</occluded>
		<bndbox>
			<xmin>275</xmin>
			<xmax>386</xmax>
			<ymin>336</ymin>
			<ymax>452</ymax>
		</bndbox>
	</object>
</annotation>
