<annotation>
	<folder></folder>
	<filename>stab_wound-12-_jpg.rf.38ec05a1c0f9fd8d1ea6665060e00fba.jpg</filename>
	<path>stab_wound-12-_jpg.rf.38ec05a1c0f9fd8d1ea6665060e00fba.jpg</path>
	<source>
		<database>roboflow.com</database>
	</source>
	<size>
		<width>640</width>
		<height>640</height>
		<depth>3</depth>
	</size>
	<segmented>0</segmented>
	<object>
		<name>stab</name>
		<pose>Unspecified</pose>
		<truncated>0</truncated>
		<difficult>0</difficult>
		<occluded>0</occluded>
		<bndbox>
			<xmin>350</xmin>
			<xmax>482</xmax>
			<ymin>244</ymin>
			<ymax>364</ymax>
		</bndbox>
	</object>
</annotation>
