<annotation>
	<folder></folder>
	<filename>stab_wound-10-_jpg.rf.aa1f5f103458b6cf16ae8e6d6c5043a7.jpg</filename>
	<path>stab_wound-10-_jpg.rf.aa1f5f103458b6cf16ae8e6d6c5043a7.jpg</path>
	<source>
		<database>roboflow.com</database>
	</source>
	<size>
		<width>640</width>
		<height>640</height>
		<depth>3</depth>
	</size>
	<segmented>0</segmented>
	<object>
		<name>stab</name>
		<pose>Unspecified</pose>
		<truncated>0</truncated>
		<difficult>0</difficult>
		<occluded>0</occluded>
		<bndbox>
			<xmin>189</xmin>
			<xmax>418</xmax>
			<ymin>264</ymin>
			<ymax>465</ymax>
		</bndbox>
	</object>
</annotation>
